<?xml version="1.0" encoding="utf-8"?>
<!--Generated by DataTracks Rainbow version 3.5 for Toppan Merrill on 04-October-2024 [11:10:12] {AM}-->
<linkbase xmlns="http://www.xbrl.org/2003/linkbase" xmlns:xsi="http://www.w3.org/2001/XMLSchema-instance" xmlns:xlink="http://www.w3.org/1999/xlink" xsi:schemaLocation="http://www.xbrl.org/2003/linkbase http://www.xbrl.org/2003/xbrl-linkbase-2003-12-31.xsd">
<roleRef xlink:type="simple" xlink:href="http://www.xbrl.org/lrr/role/negated-2009-12-16.xsd#negatedLabel" roleURI="http://www.xbrl.org/2009/role/negatedLabel" />
<roleRef xlink:type="simple" xlink:href="http://www.xbrl.org/lrr/role/negated-2009-12-16.xsd#negatedPeriodEndLabel" roleURI="http://www.xbrl.org/2009/role/negatedPeriodEndLabel" />
<roleRef xlink:type="simple" xlink:href="http://www.xbrl.org/lrr/role/negated-2009-12-16.xsd#negatedPeriodStartLabel" roleURI="http://www.xbrl.org/2009/role/negatedPeriodStartLabel" />
<roleRef xlink:type="simple" xlink:href="http://www.xbrl.org/lrr/role/negated-2009-12-16.xsd#negatedTotalLabel" roleURI="http://www.xbrl.org/2009/role/negatedTotalLabel" />
<roleRef xlink:type="simple" xlink:href="http://www.xbrl.org/lrr/role/negated-2009-12-16.xsd#negatedNetLabel" roleURI="http://www.xbrl.org/2009/role/negatedNetLabel" />
<roleRef xlink:type="simple" xlink:href="http://www.xbrl.org/lrr/role/negated-2009-12-16.xsd#negatedTerseLabel" roleURI="http://www.xbrl.org/2009/role/negatedTerseLabel" />
<roleRef xlink:type="simple" xlink:href="http://www.xbrl.org/lrr/role/net-2009-12-16.xsd#netLabel" roleURI="http://www.xbrl.org/2009/role/netLabel" />
<labelLink xlink:type="extended" xlink:role="http://www.xbrl.org/2003/role/link">
<loc xlink:type="locator" xlink:href="https://xbrl.ifrs.org/taxonomy/2022-03-24/full_ifrs/full_ifrs-cor_2022-03-24.xsd#ifrs-full_FinanceIncomeCost" xlink:label="loc_ifrs-full_FinanceIncomeCost" />
<label xlink:type="resource" xlink:role="http://www.xbrl.org/2003/role/totalLabel" xlink:label="lab_ifrs-full_FinanceIncomeCost" xml:lang="en">Finance income (cost)</label>
<labelArc xlink:type="arc" xlink:arcrole="http://www.xbrl.org/2003/arcrole/concept-label" xlink:from="loc_ifrs-full_FinanceIncomeCost" xlink:to="lab_ifrs-full_FinanceIncomeCost" />
<loc xlink:type="locator" xlink:href="https://xbrl.ifrs.org/taxonomy/2022-03-24/full_ifrs/full_ifrs-cor_2022-03-24.xsd#ifrs-full_IncomeTaxExpenseContinuingOperations" xlink:label="loc_ifrs-full_IncomeTaxExpenseContinuingOperations" />
<label xlink:type="resource" xlink:role="http://www.xbrl.org/2009/role/negatedLabel" xlink:label="lab_ifrs-full_IncomeTaxExpenseContinuingOperations" xml:lang="en">Tax income (expense)</label>
<labelArc xlink:type="arc" xlink:arcrole="http://www.xbrl.org/2003/arcrole/concept-label" xlink:from="loc_ifrs-full_IncomeTaxExpenseContinuingOperations" xlink:to="lab_ifrs-full_IncomeTaxExpenseContinuingOperations" />
<loc xlink:type="locator" xlink:href="https://xbrl.ifrs.org/taxonomy/2022-03-24/full_ifrs/full_ifrs-cor_2022-03-24.xsd#ifrs-full_InterestExpense" xlink:label="loc_ifrs-full_InterestExpense" />
<label xlink:type="resource" xlink:role="http://www.xbrl.org/2009/role/negatedLabel" xlink:label="lab_ifrs-full_InterestExpense" xml:lang="en">Interest expense</label>
<labelArc xlink:type="arc" xlink:arcrole="http://www.xbrl.org/2003/arcrole/concept-label" xlink:from="loc_ifrs-full_InterestExpense" xlink:to="lab_ifrs-full_InterestExpense" />
<loc xlink:type="locator" xlink:href="https://xbrl.ifrs.org/taxonomy/2022-03-24/full_ifrs/full_ifrs-cor_2022-03-24.xsd#ifrs-full_OperatingExpense" xlink:label="loc_ifrs-full_OperatingExpense" />
<label xlink:type="resource" xlink:role="http://www.xbrl.org/2009/role/negatedLabel" xlink:label="lab_ifrs-full_OperatingExpense" xml:lang="en">Operating expense</label>
<labelArc xlink:type="arc" xlink:arcrole="http://www.xbrl.org/2003/arcrole/concept-label" xlink:from="loc_ifrs-full_OperatingExpense" xlink:to="lab_ifrs-full_OperatingExpense" />
<loc xlink:type="locator" xlink:href="213800MJL6IPZS3ASA11-2024-07-31.xsd#smin_HeadlineAndNonHeadlineAxis" xlink:label="loc_smin_HeadlineAndNonHeadlineAxis" />
<label xlink:type="resource" xlink:role="http://www.xbrl.org/2003/role/label" xlink:label="lab_smin_HeadlineAndNonHeadlineAxis" xml:lang="en">Headline And Non Headline [Axis]</label>
<labelArc xlink:type="arc" xlink:arcrole="http://www.xbrl.org/2003/arcrole/concept-label" xlink:from="loc_smin_HeadlineAndNonHeadlineAxis" xlink:to="lab_smin_HeadlineAndNonHeadlineAxis" />
<label xlink:type="resource" xlink:role="http://www.xbrl.org/2003/role/documentation" xlink:label="lab_smin_HeadlineAndNonHeadlineAxis" xml:lang="en">Headline and non headline [Axis].</label>
<loc xlink:type="locator" xlink:href="213800MJL6IPZS3ASA11-2024-07-31.xsd#smin_HeadlineAndNonHeadlineDomain" xlink:label="loc_smin_HeadlineAndNonHeadlineDomain" />
<label xlink:type="resource" xlink:role="http://www.xbrl.org/2003/role/label" xlink:label="lab_smin_HeadlineAndNonHeadlineDomain" xml:lang="en">Headline And Non Headline [Domain]</label>
<labelArc xlink:type="arc" xlink:arcrole="http://www.xbrl.org/2003/arcrole/concept-label" xlink:from="loc_smin_HeadlineAndNonHeadlineDomain" xlink:to="lab_smin_HeadlineAndNonHeadlineDomain" />
<label xlink:type="resource" xlink:role="http://www.xbrl.org/2003/role/documentation" xlink:label="lab_smin_HeadlineAndNonHeadlineDomain" xml:lang="en">Headline and non headline [Domain].</label>
<loc xlink:type="locator" xlink:href="213800MJL6IPZS3ASA11-2024-07-31.xsd#smin_HeadlineMember" xlink:label="loc_smin_HeadlineMember" />
<label xlink:type="resource" xlink:role="http://www.xbrl.org/2003/role/label" xlink:label="lab_smin_HeadlineMember" xml:lang="en">Headline [Member]</label>
<labelArc xlink:type="arc" xlink:arcrole="http://www.xbrl.org/2003/arcrole/concept-label" xlink:from="loc_smin_HeadlineMember" xlink:to="lab_smin_HeadlineMember" />
<label xlink:type="resource" xlink:role="http://www.xbrl.org/2003/role/documentation" xlink:label="lab_smin_HeadlineMember" xml:lang="en">Headline.</label>
<loc xlink:type="locator" xlink:href="213800MJL6IPZS3ASA11-2024-07-31.xsd#smin_NonHeadlineMember" xlink:label="loc_smin_NonHeadlineMember" />
<label xlink:type="resource" xlink:role="http://www.xbrl.org/2003/role/label" xlink:label="lab_smin_NonHeadlineMember" xml:lang="en">Non Headline [Member]</label>
<labelArc xlink:type="arc" xlink:arcrole="http://www.xbrl.org/2003/arcrole/concept-label" xlink:from="loc_smin_NonHeadlineMember" xlink:to="lab_smin_NonHeadlineMember" />
<label xlink:type="resource" xlink:role="http://www.xbrl.org/2003/role/documentation" xlink:label="lab_smin_NonHeadlineMember" xml:lang="en">Non headline.</label>
<loc xlink:type="locator" xlink:href="213800MJL6IPZS3ASA11-2024-07-31.xsd#smin_ComprehensiveIncomeArisingFromContinuingOperations" xlink:label="loc_smin_ComprehensiveIncomeArisingFromContinuingOperations" />
<label xlink:type="resource" xlink:role="http://www.xbrl.org/2003/role/label" xlink:label="lab_smin_ComprehensiveIncomeArisingFromContinuingOperations" xml:lang="en">Comprehensive income arising from continuing operations</label>
<labelArc xlink:type="arc" xlink:arcrole="http://www.xbrl.org/2003/arcrole/concept-label" xlink:from="loc_smin_ComprehensiveIncomeArisingFromContinuingOperations" xlink:to="lab_smin_ComprehensiveIncomeArisingFromContinuingOperations" />
<label xlink:type="resource" xlink:role="http://www.xbrl.org/2003/role/documentation" xlink:label="lab_smin_ComprehensiveIncomeArisingFromContinuingOperations" xml:lang="en">Comprehensive income arising from continuing operations.</label>
<loc xlink:type="locator" xlink:href="213800MJL6IPZS3ASA11-2024-07-31.xsd#smin_ComprehensiveIncomeArisingFromDiscontinuingOperations" xlink:label="loc_smin_ComprehensiveIncomeArisingFromDiscontinuingOperations" />
<label xlink:type="resource" xlink:role="http://www.xbrl.org/2003/role/label" xlink:label="lab_smin_ComprehensiveIncomeArisingFromDiscontinuingOperations" xml:lang="en">Comprehensive income arising from discontinuing operations</label>
<labelArc xlink:type="arc" xlink:arcrole="http://www.xbrl.org/2003/arcrole/concept-label" xlink:from="loc_smin_ComprehensiveIncomeArisingFromDiscontinuingOperations" xlink:to="lab_smin_ComprehensiveIncomeArisingFromDiscontinuingOperations" />
<label xlink:type="resource" xlink:role="http://www.xbrl.org/2003/role/documentation" xlink:label="lab_smin_ComprehensiveIncomeArisingFromDiscontinuingOperations" xml:lang="en">Comprehensive income arising from discontinuing operations.</label>
<loc xlink:type="locator" xlink:href="213800MJL6IPZS3ASA11-2024-07-31.xsd#smin_DeferredInThePeriodOnCashflowAndNetInvestmentHedges" xlink:label="loc_smin_DeferredInThePeriodOnCashflowAndNetInvestmentHedges" />
<label xlink:type="resource" xlink:role="http://www.xbrl.org/2003/role/label" xlink:label="lab_smin_DeferredInThePeriodOnCashflowAndNetInvestmentHedges" xml:lang="en">Deferred in the period on cashflow and net investment hedges</label>
<labelArc xlink:type="arc" xlink:arcrole="http://www.xbrl.org/2003/arcrole/concept-label" xlink:from="loc_smin_DeferredInThePeriodOnCashflowAndNetInvestmentHedges" xlink:to="lab_smin_DeferredInThePeriodOnCashflowAndNetInvestmentHedges" />
<label xlink:type="resource" xlink:role="http://www.xbrl.org/2003/role/documentation" xlink:label="lab_smin_DeferredInThePeriodOnCashflowAndNetInvestmentHedges" xml:lang="en">Deferred in the period on cash-flow and net investment hedges.</label>
<loc xlink:type="locator" xlink:href="213800MJL6IPZS3ASA11-2024-07-31.xsd#smin_OtherComprehensiveIncomeNetOfTaxCashFlowHedgesAndHedgesOfNetInvestmentsInForeignOperations" xlink:label="loc_smin_OtherComprehensiveIncomeNetOfTaxCashFlowHedgesAndHedgesOfNetInvestmentsInForeignOperations" />
<label xlink:type="resource" xlink:role="http://www.xbrl.org/2003/role/label" xlink:label="lab_smin_OtherComprehensiveIncomeNetOfTaxCashFlowHedgesAndHedgesOfNetInvestmentsInForeignOperations" xml:lang="en">Other Comprehensive Income Net Of Tax Cash Flow Hedges And Hedges Of Net Investments In Foreign Operations</label>
<label xlink:type="resource" xlink:role="http://www.xbrl.org/2003/role/totalLabel" xlink:label="lab_smin_OtherComprehensiveIncomeNetOfTaxCashFlowHedgesAndHedgesOfNetInvestmentsInForeignOperations" xml:lang="en">Other Comprehensive Income Net Of Tax Cash Flow Hedges And Hedges Of Net Investments In Foreign Operations</label>
<labelArc xlink:type="arc" xlink:arcrole="http://www.xbrl.org/2003/arcrole/concept-label" xlink:from="loc_smin_OtherComprehensiveIncomeNetOfTaxCashFlowHedgesAndHedgesOfNetInvestmentsInForeignOperations" xlink:to="lab_smin_OtherComprehensiveIncomeNetOfTaxCashFlowHedgesAndHedgesOfNetInvestmentsInForeignOperations" />
<label xlink:type="resource" xlink:role="http://www.xbrl.org/2003/role/documentation" xlink:label="lab_smin_OtherComprehensiveIncomeNetOfTaxCashFlowHedgesAndHedgesOfNetInvestmentsInForeignOperations" xml:lang="en">Other comprehensive income net of tax cash flow hedges and hedges of net investments in foreign operations.</label>
<loc xlink:type="locator" xlink:href="213800MJL6IPZS3ASA11-2024-07-31.xsd#smin_ReclassificationAdjustmentsOnCashFlowHedgesAndHedgesOfNetInvestmentsInForeignOperationsNetOfTax" xlink:label="loc_smin_ReclassificationAdjustmentsOnCashFlowHedgesAndHedgesOfNetInvestmentsInForeignOperationsNetOfTax" />
<label xlink:type="resource" xlink:role="http://www.xbrl.org/2003/role/label" xlink:label="lab_smin_ReclassificationAdjustmentsOnCashFlowHedgesAndHedgesOfNetInvestmentsInForeignOperationsNetOfTax" xml:lang="en">Reclassification Adjustments On Cash Flow Hedges And Hedges Of Net Investments In Foreign Operations Net Of Tax</label>
<label xlink:type="resource" xlink:role="http://www.xbrl.org/2009/role/negatedLabel" xlink:label="lab_smin_ReclassificationAdjustmentsOnCashFlowHedgesAndHedgesOfNetInvestmentsInForeignOperationsNetOfTax" xml:lang="en">Reclassification Adjustments On Cash Flow Hedges And Hedges Of Net Investments In Foreign Operations Net Of Tax</label>
<labelArc xlink:type="arc" xlink:arcrole="http://www.xbrl.org/2003/arcrole/concept-label" xlink:from="loc_smin_ReclassificationAdjustmentsOnCashFlowHedgesAndHedgesOfNetInvestmentsInForeignOperationsNetOfTax" xlink:to="lab_smin_ReclassificationAdjustmentsOnCashFlowHedgesAndHedgesOfNetInvestmentsInForeignOperationsNetOfTax" />
<label xlink:type="resource" xlink:role="http://www.xbrl.org/2003/role/documentation" xlink:label="lab_smin_ReclassificationAdjustmentsOnCashFlowHedgesAndHedgesOfNetInvestmentsInForeignOperationsNetOfTax" xml:lang="en">Reclassification adjustments on cash flow hedges and hedges of net investments in foreign operations net of tax.</label>
<loc xlink:type="locator" xlink:href="https://xbrl.ifrs.org/taxonomy/2022-03-24/full_ifrs/full_ifrs-cor_2022-03-24.xsd#ifrs-full_CurrentDerivativeFinancialLiabilities" xlink:label="loc_ifrs-full_CurrentDerivativeFinancialLiabilities" />
<label xlink:type="resource" xlink:role="http://www.xbrl.org/2009/role/negatedLabel" xlink:label="lab_ifrs-full_CurrentDerivativeFinancialLiabilities" xml:lang="en">Current derivative financial liabilities</label>
<labelArc xlink:type="arc" xlink:arcrole="http://www.xbrl.org/2003/arcrole/concept-label" xlink:from="loc_ifrs-full_CurrentDerivativeFinancialLiabilities" xlink:to="lab_ifrs-full_CurrentDerivativeFinancialLiabilities" />
<loc xlink:type="locator" xlink:href="https://xbrl.ifrs.org/taxonomy/2022-03-24/full_ifrs/full_ifrs-cor_2022-03-24.xsd#ifrs-full_CurrentLeaseLiabilities" xlink:label="loc_ifrs-full_CurrentLeaseLiabilities" />
<label xlink:type="resource" xlink:role="http://www.xbrl.org/2009/role/negatedLabel" xlink:label="lab_ifrs-full_CurrentLeaseLiabilities" xml:lang="en">Current lease liabilities</label>
<labelArc xlink:type="arc" xlink:arcrole="http://www.xbrl.org/2003/arcrole/concept-label" xlink:from="loc_ifrs-full_CurrentLeaseLiabilities" xlink:to="lab_ifrs-full_CurrentLeaseLiabilities" />
<loc xlink:type="locator" xlink:href="https://xbrl.ifrs.org/taxonomy/2022-03-24/full_ifrs/full_ifrs-cor_2022-03-24.xsd#ifrs-full_CurrentLiabilities" xlink:label="loc_ifrs-full_CurrentLiabilities" />
<label xlink:type="resource" xlink:role="http://www.xbrl.org/2009/role/negatedTotalLabel" xlink:label="lab_ifrs-full_CurrentLiabilities" xml:lang="en">Total current liabilities</label>
<labelArc xlink:type="arc" xlink:arcrole="http://www.xbrl.org/2003/arcrole/concept-label" xlink:from="loc_ifrs-full_CurrentLiabilities" xlink:to="lab_ifrs-full_CurrentLiabilities" />
<loc xlink:type="locator" xlink:href="https://xbrl.ifrs.org/taxonomy/2022-03-24/full_ifrs/full_ifrs-cor_2022-03-24.xsd#ifrs-full_CurrentProvisions" xlink:label="loc_ifrs-full_CurrentProvisions" />
<label xlink:type="resource" xlink:role="http://www.xbrl.org/2009/role/negatedLabel" xlink:label="lab_ifrs-full_CurrentProvisions" xml:lang="en">Current provisions</label>
<labelArc xlink:type="arc" xlink:arcrole="http://www.xbrl.org/2003/arcrole/concept-label" xlink:from="loc_ifrs-full_CurrentProvisions" xlink:to="lab_ifrs-full_CurrentProvisions" />
<loc xlink:type="locator" xlink:href="https://xbrl.ifrs.org/taxonomy/2022-03-24/full_ifrs/full_ifrs-cor_2022-03-24.xsd#ifrs-full_CurrentTaxLiabilitiesCurrent" xlink:label="loc_ifrs-full_CurrentTaxLiabilitiesCurrent" />
<label xlink:type="resource" xlink:role="http://www.xbrl.org/2009/role/negatedLabel" xlink:label="lab_ifrs-full_CurrentTaxLiabilitiesCurrent" xml:lang="en">Current tax liabilities, current</label>
<labelArc xlink:type="arc" xlink:arcrole="http://www.xbrl.org/2003/arcrole/concept-label" xlink:from="loc_ifrs-full_CurrentTaxLiabilitiesCurrent" xlink:to="lab_ifrs-full_CurrentTaxLiabilitiesCurrent" />
<loc xlink:type="locator" xlink:href="https://xbrl.ifrs.org/taxonomy/2022-03-24/full_ifrs/full_ifrs-cor_2022-03-24.xsd#ifrs-full_ShorttermBorrowings" xlink:label="loc_ifrs-full_ShorttermBorrowings" />
<label xlink:type="resource" xlink:role="http://www.xbrl.org/2009/role/negatedLabel" xlink:label="lab_ifrs-full_ShorttermBorrowings" xml:lang="en">Current borrowings</label>
<labelArc xlink:type="arc" xlink:arcrole="http://www.xbrl.org/2003/arcrole/concept-label" xlink:from="loc_ifrs-full_ShorttermBorrowings" xlink:to="lab_ifrs-full_ShorttermBorrowings" />
<loc xlink:type="locator" xlink:href="https://xbrl.ifrs.org/taxonomy/2022-03-24/full_ifrs/full_ifrs-cor_2022-03-24.xsd#ifrs-full_TradeAndOtherCurrentPayables" xlink:label="loc_ifrs-full_TradeAndOtherCurrentPayables" />
<label xlink:type="resource" xlink:role="http://www.xbrl.org/2009/role/negatedLabel" xlink:label="lab_ifrs-full_TradeAndOtherCurrentPayables" xml:lang="en">Trade and other current payables</label>
<labelArc xlink:type="arc" xlink:arcrole="http://www.xbrl.org/2003/arcrole/concept-label" xlink:from="loc_ifrs-full_TradeAndOtherCurrentPayables" xlink:to="lab_ifrs-full_TradeAndOtherCurrentPayables" />
<loc xlink:type="locator" xlink:href="213800MJL6IPZS3ASA11-2024-07-31.xsd#smin_ReserveOfCashFlowHedgesAndHedgesOfNetInvestmentsInForeignOperations" xlink:label="loc_smin_ReserveOfCashFlowHedgesAndHedgesOfNetInvestmentsInForeignOperations" />
<label xlink:type="resource" xlink:role="http://www.xbrl.org/2003/role/label" xlink:label="lab_smin_ReserveOfCashFlowHedgesAndHedgesOfNetInvestmentsInForeignOperations" xml:lang="en">Reserve Of Cash Flow Hedges And Hedges Of Net Investments In Foreign Operations</label>
<labelArc xlink:type="arc" xlink:arcrole="http://www.xbrl.org/2003/arcrole/concept-label" xlink:from="loc_smin_ReserveOfCashFlowHedgesAndHedgesOfNetInvestmentsInForeignOperations" xlink:to="lab_smin_ReserveOfCashFlowHedgesAndHedgesOfNetInvestmentsInForeignOperations" />
<label xlink:type="resource" xlink:role="http://www.xbrl.org/2003/role/documentation" xlink:label="lab_smin_ReserveOfCashFlowHedgesAndHedgesOfNetInvestmentsInForeignOperations" xml:lang="en">Reserve of cash flow hedges and hedges of net investments in foreign operations.</label>
<loc xlink:type="locator" xlink:href="https://xbrl.ifrs.org/taxonomy/2022-03-24/full_ifrs/full_ifrs-cor_2022-03-24.xsd#ifrs-full_Liabilities" xlink:label="loc_ifrs-full_Liabilities" />
<label xlink:type="resource" xlink:role="http://www.xbrl.org/2009/role/negatedTotalLabel" xlink:label="lab_ifrs-full_Liabilities" xml:lang="en">Total liabilities</label>
<labelArc xlink:type="arc" xlink:arcrole="http://www.xbrl.org/2003/arcrole/concept-label" xlink:from="loc_ifrs-full_Liabilities" xlink:to="lab_ifrs-full_Liabilities" />
<loc xlink:type="locator" xlink:href="https://xbrl.ifrs.org/taxonomy/2022-03-24/full_ifrs/full_ifrs-cor_2022-03-24.xsd#ifrs-full_NetAssetsLiabilities" xlink:label="loc_ifrs-full_NetAssetsLiabilities" />
<label xlink:type="resource" xlink:role="http://www.xbrl.org/2003/role/totalLabel" xlink:label="lab_ifrs-full_NetAssetsLiabilities" xml:lang="en">Net assets (liabilities)</label>
<labelArc xlink:type="arc" xlink:arcrole="http://www.xbrl.org/2003/arcrole/concept-label" xlink:from="loc_ifrs-full_NetAssetsLiabilities" xlink:to="lab_ifrs-full_NetAssetsLiabilities" />
<loc xlink:type="locator" xlink:href="https://xbrl.ifrs.org/taxonomy/2022-03-24/full_ifrs/full_ifrs-cor_2022-03-24.xsd#ifrs-full_CurrentTaxLiabilitiesNoncurrent" xlink:label="loc_ifrs-full_CurrentTaxLiabilitiesNoncurrent" />
<label xlink:type="resource" xlink:role="http://www.xbrl.org/2009/role/negatedLabel" xlink:label="lab_ifrs-full_CurrentTaxLiabilitiesNoncurrent" xml:lang="en">Current tax liabilities, non-current</label>
<labelArc xlink:type="arc" xlink:arcrole="http://www.xbrl.org/2003/arcrole/concept-label" xlink:from="loc_ifrs-full_CurrentTaxLiabilitiesNoncurrent" xlink:to="lab_ifrs-full_CurrentTaxLiabilitiesNoncurrent" />
<loc xlink:type="locator" xlink:href="https://xbrl.ifrs.org/taxonomy/2022-03-24/full_ifrs/full_ifrs-cor_2022-03-24.xsd#ifrs-full_DeferredTaxLiabilities" xlink:label="loc_ifrs-full_DeferredTaxLiabilities" />
<label xlink:type="resource" xlink:role="http://www.xbrl.org/2009/role/negatedLabel" xlink:label="lab_ifrs-full_DeferredTaxLiabilities" xml:lang="en">Deferred tax liabilities</label>
<labelArc xlink:type="arc" xlink:arcrole="http://www.xbrl.org/2003/arcrole/concept-label" xlink:from="loc_ifrs-full_DeferredTaxLiabilities" xlink:to="lab_ifrs-full_DeferredTaxLiabilities" />
<loc xlink:type="locator" xlink:href="https://xbrl.ifrs.org/taxonomy/2022-03-24/full_ifrs/full_ifrs-cor_2022-03-24.xsd#ifrs-full_LongtermBorrowings" xlink:label="loc_ifrs-full_LongtermBorrowings" />
<label xlink:type="resource" xlink:role="http://www.xbrl.org/2009/role/negatedLabel" xlink:label="lab_ifrs-full_LongtermBorrowings" xml:lang="en">Non-current portion of non-current borrowings</label>
<labelArc xlink:type="arc" xlink:arcrole="http://www.xbrl.org/2003/arcrole/concept-label" xlink:from="loc_ifrs-full_LongtermBorrowings" xlink:to="lab_ifrs-full_LongtermBorrowings" />
<loc xlink:type="locator" xlink:href="https://xbrl.ifrs.org/taxonomy/2022-03-24/full_ifrs/full_ifrs-cor_2022-03-24.xsd#ifrs-full_NoncurrentDerivativeFinancialLiabilities" xlink:label="loc_ifrs-full_NoncurrentDerivativeFinancialLiabilities" />
<label xlink:type="resource" xlink:role="http://www.xbrl.org/2009/role/negatedLabel" xlink:label="lab_ifrs-full_NoncurrentDerivativeFinancialLiabilities" xml:lang="en">Non-current derivative financial liabilities</label>
<labelArc xlink:type="arc" xlink:arcrole="http://www.xbrl.org/2003/arcrole/concept-label" xlink:from="loc_ifrs-full_NoncurrentDerivativeFinancialLiabilities" xlink:to="lab_ifrs-full_NoncurrentDerivativeFinancialLiabilities" />
<loc xlink:type="locator" xlink:href="https://xbrl.ifrs.org/taxonomy/2022-03-24/full_ifrs/full_ifrs-cor_2022-03-24.xsd#ifrs-full_NoncurrentLeaseLiabilities" xlink:label="loc_ifrs-full_NoncurrentLeaseLiabilities" />
<label xlink:type="resource" xlink:role="http://www.xbrl.org/2009/role/negatedLabel" xlink:label="lab_ifrs-full_NoncurrentLeaseLiabilities" xml:lang="en">Non-current lease liabilities</label>
<labelArc xlink:type="arc" xlink:arcrole="http://www.xbrl.org/2003/arcrole/concept-label" xlink:from="loc_ifrs-full_NoncurrentLeaseLiabilities" xlink:to="lab_ifrs-full_NoncurrentLeaseLiabilities" />
<loc xlink:type="locator" xlink:href="https://xbrl.ifrs.org/taxonomy/2022-03-24/full_ifrs/full_ifrs-cor_2022-03-24.xsd#ifrs-full_NoncurrentLiabilities" xlink:label="loc_ifrs-full_NoncurrentLiabilities" />
<label xlink:type="resource" xlink:role="http://www.xbrl.org/2009/role/negatedTotalLabel" xlink:label="lab_ifrs-full_NoncurrentLiabilities" xml:lang="en">Total non-current liabilities</label>
<labelArc xlink:type="arc" xlink:arcrole="http://www.xbrl.org/2003/arcrole/concept-label" xlink:from="loc_ifrs-full_NoncurrentLiabilities" xlink:to="lab_ifrs-full_NoncurrentLiabilities" />
<loc xlink:type="locator" xlink:href="https://xbrl.ifrs.org/taxonomy/2022-03-24/full_ifrs/full_ifrs-cor_2022-03-24.xsd#ifrs-full_NoncurrentPayables" xlink:label="loc_ifrs-full_NoncurrentPayables" />
<label xlink:type="resource" xlink:role="http://www.xbrl.org/2009/role/negatedLabel" xlink:label="lab_ifrs-full_NoncurrentPayables" xml:lang="en">Trade and other non-current payables</label>
<labelArc xlink:type="arc" xlink:arcrole="http://www.xbrl.org/2003/arcrole/concept-label" xlink:from="loc_ifrs-full_NoncurrentPayables" xlink:to="lab_ifrs-full_NoncurrentPayables" />
<loc xlink:type="locator" xlink:href="https://xbrl.ifrs.org/taxonomy/2022-03-24/full_ifrs/full_ifrs-cor_2022-03-24.xsd#ifrs-full_NoncurrentProvisions" xlink:label="loc_ifrs-full_NoncurrentProvisions" />
<label xlink:type="resource" xlink:role="http://www.xbrl.org/2009/role/negatedLabel" xlink:label="lab_ifrs-full_NoncurrentProvisions" xml:lang="en">Non-current provisions</label>
<labelArc xlink:type="arc" xlink:arcrole="http://www.xbrl.org/2003/arcrole/concept-label" xlink:from="loc_ifrs-full_NoncurrentProvisions" xlink:to="lab_ifrs-full_NoncurrentProvisions" />
<loc xlink:type="locator" xlink:href="https://xbrl.ifrs.org/taxonomy/2022-03-24/full_ifrs/full_ifrs-cor_2022-03-24.xsd#ifrs-full_NoncurrentRecognisedLiabilitiesDefinedBenefitPlan" xlink:label="loc_ifrs-full_NoncurrentRecognisedLiabilitiesDefinedBenefitPlan" />
<label xlink:type="resource" xlink:role="http://www.xbrl.org/2009/role/negatedLabel" xlink:label="lab_ifrs-full_NoncurrentRecognisedLiabilitiesDefinedBenefitPlan" xml:lang="en">Non-current net defined benefit liability</label>
<labelArc xlink:type="arc" xlink:arcrole="http://www.xbrl.org/2003/arcrole/concept-label" xlink:from="loc_ifrs-full_NoncurrentRecognisedLiabilitiesDefinedBenefitPlan" xlink:to="lab_ifrs-full_NoncurrentRecognisedLiabilitiesDefinedBenefitPlan" />
<loc xlink:type="locator" xlink:href="213800MJL6IPZS3ASA11-2024-07-31.xsd#smin_ReserveOfCashFlowHedgesAndHedgesOfNetInvestmentsInForeignOperationsMember" xlink:label="loc_smin_ReserveOfCashFlowHedgesAndHedgesOfNetInvestmentsInForeignOperationsMember" />
<label xlink:type="resource" xlink:role="http://www.xbrl.org/2003/role/label" xlink:label="lab_smin_ReserveOfCashFlowHedgesAndHedgesOfNetInvestmentsInForeignOperationsMember" xml:lang="en">Reserve Of Cash Flow Hedges And Hedges Of Net Investments In Foreign Operations [Member]</label>
<labelArc xlink:type="arc" xlink:arcrole="http://www.xbrl.org/2003/arcrole/concept-label" xlink:from="loc_smin_ReserveOfCashFlowHedgesAndHedgesOfNetInvestmentsInForeignOperationsMember" xlink:to="lab_smin_ReserveOfCashFlowHedgesAndHedgesOfNetInvestmentsInForeignOperationsMember" />
<label xlink:type="resource" xlink:role="http://www.xbrl.org/2003/role/documentation" xlink:label="lab_smin_ReserveOfCashFlowHedgesAndHedgesOfNetInvestmentsInForeignOperationsMember" xml:lang="en">Reserve of cash flow hedges and hedges of net investments in foreign operations [Member].</label>
<loc xlink:type="locator" xlink:href="213800MJL6IPZS3ASA11-2024-07-31.xsd#smin_ShareCapitalAndSharePremiumMember" xlink:label="loc_smin_ShareCapitalAndSharePremiumMember" />
<label xlink:type="resource" xlink:role="http://www.xbrl.org/2003/role/label" xlink:label="lab_smin_ShareCapitalAndSharePremiumMember" xml:lang="en">Share capital and share premium [Member]</label>
<labelArc xlink:type="arc" xlink:arcrole="http://www.xbrl.org/2003/arcrole/concept-label" xlink:from="loc_smin_ShareCapitalAndSharePremiumMember" xlink:to="lab_smin_ShareCapitalAndSharePremiumMember" />
<label xlink:type="resource" xlink:role="http://www.xbrl.org/2003/role/documentation" xlink:label="lab_smin_ShareCapitalAndSharePremiumMember" xml:lang="en">Share capital and share premium [member].</label>
<loc xlink:type="locator" xlink:href="213800MJL6IPZS3ASA11-2024-07-31.xsd#smin_FairValueGainsAndRelatedTax" xlink:label="loc_smin_FairValueGainsAndRelatedTax" />
<label xlink:type="resource" xlink:role="http://www.xbrl.org/2003/role/label" xlink:label="lab_smin_FairValueGainsAndRelatedTax" xml:lang="en">Fair value gains and related tax</label>
<labelArc xlink:type="arc" xlink:arcrole="http://www.xbrl.org/2003/arcrole/concept-label" xlink:from="loc_smin_FairValueGainsAndRelatedTax" xlink:to="lab_smin_FairValueGainsAndRelatedTax" />
<label xlink:type="resource" xlink:role="http://www.xbrl.org/2003/role/documentation" xlink:label="lab_smin_FairValueGainsAndRelatedTax" xml:lang="en">Fair value gains and related tax.</label>
<loc xlink:type="locator" xlink:href="https://xbrl.ifrs.org/taxonomy/2022-03-24/full_ifrs/full_ifrs-cor_2022-03-24.xsd#ifrs-full_DividendsRecognisedAsDistributionsToOwnersOfParent" xlink:label="loc_ifrs-full_DividendsRecognisedAsDistributionsToOwnersOfParent" />
<label xlink:type="resource" xlink:role="http://www.xbrl.org/2009/role/negatedLabel" xlink:label="lab_ifrs-full_DividendsRecognisedAsDistributionsToOwnersOfParent" xml:lang="en">Dividends recognised as distributions to owners of parent</label>
<labelArc xlink:type="arc" xlink:arcrole="http://www.xbrl.org/2003/arcrole/concept-label" xlink:from="loc_ifrs-full_DividendsRecognisedAsDistributionsToOwnersOfParent" xlink:to="lab_ifrs-full_DividendsRecognisedAsDistributionsToOwnersOfParent" />
<loc xlink:type="locator" xlink:href="213800MJL6IPZS3ASA11-2024-07-31.xsd#smin_IncreaseDecreaseThroughPurchaseOfSharesByEmployeeBenefitTrust" xlink:label="loc_smin_IncreaseDecreaseThroughPurchaseOfSharesByEmployeeBenefitTrust" />
<label xlink:type="resource" xlink:role="http://www.xbrl.org/2003/role/label" xlink:label="lab_smin_IncreaseDecreaseThroughPurchaseOfSharesByEmployeeBenefitTrust" xml:lang="en">Increase Decrease Through Purchase Of Shares By Employee Benefit Trust</label>
<label xlink:type="resource" xlink:role="http://www.xbrl.org/2009/role/negatedLabel" xlink:label="lab_smin_IncreaseDecreaseThroughPurchaseOfSharesByEmployeeBenefitTrust" xml:lang="en">Increase Decrease Through Purchase Of Shares By Employee Benefit Trust</label>
<labelArc xlink:type="arc" xlink:arcrole="http://www.xbrl.org/2003/arcrole/concept-label" xlink:from="loc_smin_IncreaseDecreaseThroughPurchaseOfSharesByEmployeeBenefitTrust" xlink:to="lab_smin_IncreaseDecreaseThroughPurchaseOfSharesByEmployeeBenefitTrust" />
<label xlink:type="resource" xlink:role="http://www.xbrl.org/2003/role/documentation" xlink:label="lab_smin_IncreaseDecreaseThroughPurchaseOfSharesByEmployeeBenefitTrust" xml:lang="en">Purchase of shares by employee benefit trust.</label>
<loc xlink:type="locator" xlink:href="213800MJL6IPZS3ASA11-2024-07-31.xsd#smin_ReceiptOfCapitalFromNonControllingInterest" xlink:label="loc_smin_ReceiptOfCapitalFromNonControllingInterest" />
<label xlink:type="resource" xlink:role="http://www.xbrl.org/2003/role/label" xlink:label="lab_smin_ReceiptOfCapitalFromNonControllingInterest" xml:lang="en">Receipt Of Capital From Non Controlling Interest</label>
<labelArc xlink:type="arc" xlink:arcrole="http://www.xbrl.org/2003/arcrole/concept-label" xlink:from="loc_smin_ReceiptOfCapitalFromNonControllingInterest" xlink:to="lab_smin_ReceiptOfCapitalFromNonControllingInterest" />
<label xlink:type="resource" xlink:role="http://www.xbrl.org/2003/role/documentation" xlink:label="lab_smin_ReceiptOfCapitalFromNonControllingInterest" xml:lang="en">Receipt of capital from non-controlling interest.</label>
<loc xlink:type="locator" xlink:href="https://xbrl.ifrs.org/taxonomy/2022-03-24/full_ifrs/full_ifrs-cor_2022-03-24.xsd#ifrs-full_CashAndCashEquivalentsIfDifferentFromStatementOfFinancialPosition" xlink:label="loc_ifrs-full_CashAndCashEquivalentsIfDifferentFromStatementOfFinancialPosition" />
<label xlink:type="resource" xlink:role="http://www.xbrl.org/2003/role/periodEndLabel" xlink:label="lab_ifrs-full_CashAndCashEquivalentsIfDifferentFromStatementOfFinancialPosition" xml:lang="en">Cash and cash equivalents at end of period</label>
<label xlink:type="resource" xlink:role="http://www.xbrl.org/2003/role/periodStartLabel" xlink:label="lab_ifrs-full_CashAndCashEquivalentsIfDifferentFromStatementOfFinancialPosition" xml:lang="en">Cash and cash equivalents at beginning of period</label>
<labelArc xlink:type="arc" xlink:arcrole="http://www.xbrl.org/2003/arcrole/concept-label" xlink:from="loc_ifrs-full_CashAndCashEquivalentsIfDifferentFromStatementOfFinancialPosition" xlink:to="lab_ifrs-full_CashAndCashEquivalentsIfDifferentFromStatementOfFinancialPosition" />
<loc xlink:type="locator" xlink:href="https://xbrl.ifrs.org/taxonomy/2022-03-24/full_ifrs/full_ifrs-cor_2022-03-24.xsd#ifrs-full_CashFlowsFromUsedInFinancingActivities" xlink:label="loc_ifrs-full_CashFlowsFromUsedInFinancingActivities" />
<label xlink:type="resource" xlink:role="http://www.xbrl.org/2003/role/totalLabel" xlink:label="lab_ifrs-full_CashFlowsFromUsedInFinancingActivities" xml:lang="en">Net cash flows from (used in) financing activities</label>
<labelArc xlink:type="arc" xlink:arcrole="http://www.xbrl.org/2003/arcrole/concept-label" xlink:from="loc_ifrs-full_CashFlowsFromUsedInFinancingActivities" xlink:to="lab_ifrs-full_CashFlowsFromUsedInFinancingActivities" />
<loc xlink:type="locator" xlink:href="213800MJL6IPZS3ASA11-2024-07-31.xsd#smin_CashOutflowInflowFromMaturedDerivativeFinancialInstruments" xlink:label="loc_smin_CashOutflowInflowFromMaturedDerivativeFinancialInstruments" />
<label xlink:type="resource" xlink:role="http://www.xbrl.org/2003/role/label" xlink:label="lab_smin_CashOutflowInflowFromMaturedDerivativeFinancialInstruments" xml:lang="en">Cash outflow inflow from matured derivative financial instruments</label>
<labelArc xlink:type="arc" xlink:arcrole="http://www.xbrl.org/2003/arcrole/concept-label" xlink:from="loc_smin_CashOutflowInflowFromMaturedDerivativeFinancialInstruments" xlink:to="lab_smin_CashOutflowInflowFromMaturedDerivativeFinancialInstruments" />
<label xlink:type="resource" xlink:role="http://www.xbrl.org/2003/role/documentation" xlink:label="lab_smin_CashOutflowInflowFromMaturedDerivativeFinancialInstruments" xml:lang="en">Cash outflow inflow from matured derivative financial instruments.</label>
<loc xlink:type="locator" xlink:href="https://xbrl.ifrs.org/taxonomy/2022-03-24/full_ifrs/full_ifrs-cor_2022-03-24.xsd#ifrs-full_DividendsPaidClassifiedAsFinancingActivities" xlink:label="loc_ifrs-full_DividendsPaidClassifiedAsFinancingActivities" />
<label xlink:type="resource" xlink:role="http://www.xbrl.org/2009/role/negatedLabel" xlink:label="lab_ifrs-full_DividendsPaidClassifiedAsFinancingActivities" xml:lang="en">Dividends paid, classified as financing activities</label>
<labelArc xlink:type="arc" xlink:arcrole="http://www.xbrl.org/2003/arcrole/concept-label" xlink:from="loc_ifrs-full_DividendsPaidClassifiedAsFinancingActivities" xlink:to="lab_ifrs-full_DividendsPaidClassifiedAsFinancingActivities" />
<loc xlink:type="locator" xlink:href="https://xbrl.ifrs.org/taxonomy/2022-03-24/full_ifrs/full_ifrs-cor_2022-03-24.xsd#ifrs-full_PaymentsOfLeaseLiabilitiesClassifiedAsFinancingActivities" xlink:label="loc_ifrs-full_PaymentsOfLeaseLiabilitiesClassifiedAsFinancingActivities" />
<label xlink:type="resource" xlink:role="http://www.xbrl.org/2009/role/negatedLabel" xlink:label="lab_ifrs-full_PaymentsOfLeaseLiabilitiesClassifiedAsFinancingActivities" xml:lang="en">Payments of lease liabilities, classified as financing activities</label>
<labelArc xlink:type="arc" xlink:arcrole="http://www.xbrl.org/2003/arcrole/concept-label" xlink:from="loc_ifrs-full_PaymentsOfLeaseLiabilitiesClassifiedAsFinancingActivities" xlink:to="lab_ifrs-full_PaymentsOfLeaseLiabilitiesClassifiedAsFinancingActivities" />
<loc xlink:type="locator" xlink:href="213800MJL6IPZS3ASA11-2024-07-31.xsd#smin_ProceedsReceivedOnExerciseOfEmployeeShareOptions" xlink:label="loc_smin_ProceedsReceivedOnExerciseOfEmployeeShareOptions" />
<label xlink:type="resource" xlink:role="http://www.xbrl.org/2003/role/label" xlink:label="lab_smin_ProceedsReceivedOnExerciseOfEmployeeShareOptions" xml:lang="en">Proceeds Received On Exercise Of Employee Share Options</label>
<labelArc xlink:type="arc" xlink:arcrole="http://www.xbrl.org/2003/arcrole/concept-label" xlink:from="loc_smin_ProceedsReceivedOnExerciseOfEmployeeShareOptions" xlink:to="lab_smin_ProceedsReceivedOnExerciseOfEmployeeShareOptions" />
<label xlink:type="resource" xlink:role="http://www.xbrl.org/2003/role/documentation" xlink:label="lab_smin_ProceedsReceivedOnExerciseOfEmployeeShareOptions" xml:lang="en">Proceeds received on exercise of employee share options.</label>
<loc xlink:type="locator" xlink:href="213800MJL6IPZS3ASA11-2024-07-31.xsd#smin_PurchaseOfSharesByEmployeeBenefitTrust" xlink:label="loc_smin_PurchaseOfSharesByEmployeeBenefitTrust" />
<label xlink:type="resource" xlink:role="http://www.xbrl.org/2003/role/label" xlink:label="lab_smin_PurchaseOfSharesByEmployeeBenefitTrust" xml:lang="en">Purchase of shares by Employee Benefit Trust</label>
<label xlink:type="resource" xlink:role="http://www.xbrl.org/2009/role/negatedLabel" xlink:label="lab_smin_PurchaseOfSharesByEmployeeBenefitTrust" xml:lang="en">Purchase of shares by Employee Benefit Trust</label>
<labelArc xlink:type="arc" xlink:arcrole="http://www.xbrl.org/2003/arcrole/concept-label" xlink:from="loc_smin_PurchaseOfSharesByEmployeeBenefitTrust" xlink:to="lab_smin_PurchaseOfSharesByEmployeeBenefitTrust" />
<label xlink:type="resource" xlink:role="http://www.xbrl.org/2003/role/documentation" xlink:label="lab_smin_PurchaseOfSharesByEmployeeBenefitTrust" xml:lang="en">Purchase of shares by Employee Benefit Trust.</label>
<loc xlink:type="locator" xlink:href="https://xbrl.ifrs.org/taxonomy/2022-03-24/full_ifrs/full_ifrs-cor_2022-03-24.xsd#ifrs-full_RepaymentsOfBorrowingsClassifiedAsFinancingActivities" xlink:label="loc_ifrs-full_RepaymentsOfBorrowingsClassifiedAsFinancingActivities" />
<label xlink:type="resource" xlink:role="http://www.xbrl.org/2009/role/negatedLabel" xlink:label="lab_ifrs-full_RepaymentsOfBorrowingsClassifiedAsFinancingActivities" xml:lang="en">Repayments of borrowings, classified as financing activities</label>
<labelArc xlink:type="arc" xlink:arcrole="http://www.xbrl.org/2003/arcrole/concept-label" xlink:from="loc_ifrs-full_RepaymentsOfBorrowingsClassifiedAsFinancingActivities" xlink:to="lab_ifrs-full_RepaymentsOfBorrowingsClassifiedAsFinancingActivities" />
<loc xlink:type="locator" xlink:href="213800MJL6IPZS3ASA11-2024-07-31.xsd#smin_SettlementOfCashSettledOptions" xlink:label="loc_smin_SettlementOfCashSettledOptions" />
<label xlink:type="resource" xlink:role="http://www.xbrl.org/2003/role/label" xlink:label="lab_smin_SettlementOfCashSettledOptions" xml:lang="en">Settlement Of Cash Settled Options</label>
<label xlink:type="resource" xlink:role="http://www.xbrl.org/2009/role/negatedLabel" xlink:label="lab_smin_SettlementOfCashSettledOptions" xml:lang="en">Settlement Of Cash Settled Options</label>
<labelArc xlink:type="arc" xlink:arcrole="http://www.xbrl.org/2003/arcrole/concept-label" xlink:from="loc_smin_SettlementOfCashSettledOptions" xlink:to="lab_smin_SettlementOfCashSettledOptions" />
<label xlink:type="resource" xlink:role="http://www.xbrl.org/2003/role/documentation" xlink:label="lab_smin_SettlementOfCashSettledOptions" xml:lang="en">Settlement of cash settled options.</label>
<loc xlink:type="locator" xlink:href="https://xbrl.ifrs.org/taxonomy/2022-03-24/full_ifrs/full_ifrs-cor_2022-03-24.xsd#ifrs-full_CashFlowsFromUsedInInvestingActivities" xlink:label="loc_ifrs-full_CashFlowsFromUsedInInvestingActivities" />
<label xlink:type="resource" xlink:role="http://www.xbrl.org/2003/role/totalLabel" xlink:label="lab_ifrs-full_CashFlowsFromUsedInInvestingActivities" xml:lang="en">Net cash flows from (used in) investing activities</label>
<labelArc xlink:type="arc" xlink:arcrole="http://www.xbrl.org/2003/arcrole/concept-label" xlink:from="loc_ifrs-full_CashFlowsFromUsedInInvestingActivities" xlink:to="lab_ifrs-full_CashFlowsFromUsedInInvestingActivities" />
<loc xlink:type="locator" xlink:href="https://xbrl.ifrs.org/taxonomy/2022-03-24/full_ifrs/full_ifrs-cor_2022-03-24.xsd#ifrs-full_CashFlowsUsedInObtainingControlOfSubsidiariesOrOtherBusinessesClassifiedAsInvestingActivities" xlink:label="loc_ifrs-full_CashFlowsUsedInObtainingControlOfSubsidiariesOrOtherBusinessesClassifiedAsInvestingActivities" />
<label xlink:type="resource" xlink:role="http://www.xbrl.org/2009/role/negatedLabel" xlink:label="lab_ifrs-full_CashFlowsUsedInObtainingControlOfSubsidiariesOrOtherBusinessesClassifiedAsInvestingActivities" xml:lang="en">Cash flows used in obtaining control of subsidiaries or other businesses, classified as investing activities</label>
<labelArc xlink:type="arc" xlink:arcrole="http://www.xbrl.org/2003/arcrole/concept-label" xlink:from="loc_ifrs-full_CashFlowsUsedInObtainingControlOfSubsidiariesOrOtherBusinessesClassifiedAsInvestingActivities" xlink:to="lab_ifrs-full_CashFlowsUsedInObtainingControlOfSubsidiariesOrOtherBusinessesClassifiedAsInvestingActivities" />
<loc xlink:type="locator" xlink:href="213800MJL6IPZS3ASA11-2024-07-31.xsd#smin_IncomeFromInvestmentInFinancialAssetsClassifiedAsInvestingactivities" xlink:label="loc_smin_IncomeFromInvestmentInFinancialAssetsClassifiedAsInvestingactivities" />
<label xlink:type="resource" xlink:role="http://www.xbrl.org/2003/role/label" xlink:label="lab_smin_IncomeFromInvestmentInFinancialAssetsClassifiedAsInvestingactivities" xml:lang="en">Income From Investment In Financial Assets Classified As Investing activities</label>
<labelArc xlink:type="arc" xlink:arcrole="http://www.xbrl.org/2003/arcrole/concept-label" xlink:from="loc_smin_IncomeFromInvestmentInFinancialAssetsClassifiedAsInvestingactivities" xlink:to="lab_smin_IncomeFromInvestmentInFinancialAssetsClassifiedAsInvestingactivities" />
<label xlink:type="resource" xlink:role="http://www.xbrl.org/2003/role/documentation" xlink:label="lab_smin_IncomeFromInvestmentInFinancialAssetsClassifiedAsInvestingactivities" xml:lang="en">Income from investment in financial assets classified as investing activities.</label>
<loc xlink:type="locator" xlink:href="https://xbrl.ifrs.org/taxonomy/2022-03-24/full_ifrs/full_ifrs-cor_2022-03-24.xsd#ifrs-full_PaymentsForDevelopmentProjectExpenditure" xlink:label="loc_ifrs-full_PaymentsForDevelopmentProjectExpenditure" />
<label xlink:type="resource" xlink:role="http://www.xbrl.org/2009/role/negatedLabel" xlink:label="lab_ifrs-full_PaymentsForDevelopmentProjectExpenditure" xml:lang="en">Payments for development project expenditure</label>
<labelArc xlink:type="arc" xlink:arcrole="http://www.xbrl.org/2003/arcrole/concept-label" xlink:from="loc_ifrs-full_PaymentsForDevelopmentProjectExpenditure" xlink:to="lab_ifrs-full_PaymentsForDevelopmentProjectExpenditure" />
<loc xlink:type="locator" xlink:href="https://xbrl.ifrs.org/taxonomy/2022-03-24/full_ifrs/full_ifrs-cor_2022-03-24.xsd#ifrs-full_PurchaseOfIntangibleAssetsClassifiedAsInvestingActivities" xlink:label="loc_ifrs-full_PurchaseOfIntangibleAssetsClassifiedAsInvestingActivities" />
<label xlink:type="resource" xlink:role="http://www.xbrl.org/2009/role/negatedLabel" xlink:label="lab_ifrs-full_PurchaseOfIntangibleAssetsClassifiedAsInvestingActivities" xml:lang="en">Purchase of intangible assets, classified as investing activities</label>
<labelArc xlink:type="arc" xlink:arcrole="http://www.xbrl.org/2003/arcrole/concept-label" xlink:from="loc_ifrs-full_PurchaseOfIntangibleAssetsClassifiedAsInvestingActivities" xlink:to="lab_ifrs-full_PurchaseOfIntangibleAssetsClassifiedAsInvestingActivities" />
<loc xlink:type="locator" xlink:href="https://xbrl.ifrs.org/taxonomy/2022-03-24/full_ifrs/full_ifrs-cor_2022-03-24.xsd#ifrs-full_PurchaseOfPropertyPlantAndEquipmentClassifiedAsInvestingActivities" xlink:label="loc_ifrs-full_PurchaseOfPropertyPlantAndEquipmentClassifiedAsInvestingActivities" />
<label xlink:type="resource" xlink:role="http://www.xbrl.org/2009/role/negatedLabel" xlink:label="lab_ifrs-full_PurchaseOfPropertyPlantAndEquipmentClassifiedAsInvestingActivities" xml:lang="en">Purchase of property, plant and equipment, classified as investing activities</label>
<labelArc xlink:type="arc" xlink:arcrole="http://www.xbrl.org/2003/arcrole/concept-label" xlink:from="loc_ifrs-full_PurchaseOfPropertyPlantAndEquipmentClassifiedAsInvestingActivities" xlink:to="lab_ifrs-full_PurchaseOfPropertyPlantAndEquipmentClassifiedAsInvestingActivities" />
<loc xlink:type="locator" xlink:href="https://xbrl.ifrs.org/taxonomy/2022-03-24/full_ifrs/full_ifrs-cor_2022-03-24.xsd#ifrs-full_IncreaseDecreaseInCashAndCashEquivalentsBeforeEffectOfExchangeRateChanges" xlink:label="loc_ifrs-full_IncreaseDecreaseInCashAndCashEquivalentsBeforeEffectOfExchangeRateChanges" />
<label xlink:type="resource" xlink:role="http://www.xbrl.org/2003/role/totalLabel" xlink:label="lab_ifrs-full_IncreaseDecreaseInCashAndCashEquivalentsBeforeEffectOfExchangeRateChanges" xml:lang="en">Net increase (decrease) in cash and cash equivalents</label>
<labelArc xlink:type="arc" xlink:arcrole="http://www.xbrl.org/2003/arcrole/concept-label" xlink:from="loc_ifrs-full_IncreaseDecreaseInCashAndCashEquivalentsBeforeEffectOfExchangeRateChanges" xlink:to="lab_ifrs-full_IncreaseDecreaseInCashAndCashEquivalentsBeforeEffectOfExchangeRateChanges" />
<loc xlink:type="locator" xlink:href="213800MJL6IPZS3ASA11-2024-07-31.xsd#smin_DisclosureOfAlternativePerformanceMeasuresAndKeyPerformanceIndicatorsExplanatoryTextBlock" xlink:label="loc_smin_DisclosureOfAlternativePerformanceMeasuresAndKeyPerformanceIndicatorsExplanatoryTextBlock" />
<label xlink:type="resource" xlink:role="http://www.xbrl.org/2003/role/label" xlink:label="lab_smin_DisclosureOfAlternativePerformanceMeasuresAndKeyPerformanceIndicatorsExplanatoryTextBlock" xml:lang="en">Disclosure Of Alternative Performance Measures And Key Performance Indicators Explanatory [Text Block]</label>
<labelArc xlink:type="arc" xlink:arcrole="http://www.xbrl.org/2003/arcrole/concept-label" xlink:from="loc_smin_DisclosureOfAlternativePerformanceMeasuresAndKeyPerformanceIndicatorsExplanatoryTextBlock" xlink:to="lab_smin_DisclosureOfAlternativePerformanceMeasuresAndKeyPerformanceIndicatorsExplanatoryTextBlock" />
<label xlink:type="resource" xlink:role="http://www.xbrl.org/2003/role/documentation" xlink:label="lab_smin_DisclosureOfAlternativePerformanceMeasuresAndKeyPerformanceIndicatorsExplanatoryTextBlock" xml:lang="en">Disclosure of alternative performance measures and key performance indicators explanatory.</label>
<loc xlink:type="locator" xlink:href="213800MJL6IPZS3ASA11-2024-07-31.xsd#smin_DisclosureOfNonStatutoryProfitMeasuresExplanatoryTableTextBlock" xlink:label="loc_smin_DisclosureOfNonStatutoryProfitMeasuresExplanatoryTableTextBlock" />
<label xlink:type="resource" xlink:role="http://www.xbrl.org/2003/role/label" xlink:label="lab_smin_DisclosureOfNonStatutoryProfitMeasuresExplanatoryTableTextBlock" xml:lang="en">Disclosure Of Non Statutory Profit Measures Explanatory [Table Text Block]</label>
<labelArc xlink:type="arc" xlink:arcrole="http://www.xbrl.org/2003/arcrole/concept-label" xlink:from="loc_smin_DisclosureOfNonStatutoryProfitMeasuresExplanatoryTableTextBlock" xlink:to="lab_smin_DisclosureOfNonStatutoryProfitMeasuresExplanatoryTableTextBlock" />
<label xlink:type="resource" xlink:role="http://www.xbrl.org/2003/role/documentation" xlink:label="lab_smin_DisclosureOfNonStatutoryProfitMeasuresExplanatoryTableTextBlock" xml:lang="en">Disclosure of non statutory profit measures explanatory.</label>
</labelLink>
</linkbase>