<?xml version="1.0" encoding="utf-8"?>
<!--Generated by DataTracks Rainbow version 3.5 for Toppan Merrill on 04-October-2024 [11:10:11] {AM}-->
<linkbase xmlns="http://www.xbrl.org/2003/linkbase" xmlns:xsi="http://www.w3.org/2001/XMLSchema-instance" xmlns:xlink="http://www.w3.org/1999/xlink" xsi:schemaLocation="http://www.xbrl.org/2003/linkbase http://www.xbrl.org/2003/xbrl-linkbase-2003-12-31.xsd">
<roleRef xlink:type="simple" xlink:href="213800MJL6IPZS3ASA11-2024-07-31.xsd#ConsolidatedIncomeStatement" roleURI="http://www.smiths.com/role/ConsolidatedIncomeStatement" />
<roleRef xlink:type="simple" xlink:href="213800MJL6IPZS3ASA11-2024-07-31.xsd#ConsolidatedStatementOfComprehensiveIncome" roleURI="http://www.smiths.com/role/ConsolidatedStatementOfComprehensiveIncome" />
<roleRef xlink:type="simple" xlink:href="213800MJL6IPZS3ASA11-2024-07-31.xsd#ConsolidatedBalanceSheet" roleURI="http://www.smiths.com/role/ConsolidatedBalanceSheet" />
<roleRef xlink:type="simple" xlink:href="213800MJL6IPZS3ASA11-2024-07-31.xsd#ConsolidatedStatementOfChangesInEquity" roleURI="http://www.smiths.com/role/ConsolidatedStatementOfChangesInEquity" />
<roleRef xlink:type="simple" xlink:href="213800MJL6IPZS3ASA11-2024-07-31.xsd#ConsolidatedCashFlowStatement" roleURI="http://www.smiths.com/role/ConsolidatedCashFlowStatement" />
<roleRef xlink:type="simple" xlink:href="213800MJL6IPZS3ASA11-2024-07-31.xsd#ConsolidatedIncomeStatementAlternate1" roleURI="http://www.smiths.com/role/ConsolidatedIncomeStatementAlternate1" />
<roleRef xlink:type="simple" xlink:href="213800MJL6IPZS3ASA11-2024-07-31.xsd#ConsolidatedStatementOfComprehensiveIncomeAlternate1" roleURI="http://www.smiths.com/role/ConsolidatedStatementOfComprehensiveIncomeAlternate1" />
<roleRef xlink:type="simple" xlink:href="213800MJL6IPZS3ASA11-2024-07-31.xsd#ConsolidatedStatementOfComprehensiveIncomeAlternate2" roleURI="http://www.smiths.com/role/ConsolidatedStatementOfComprehensiveIncomeAlternate2" />
<calculationLink xlink:type="extended" xlink:role="http://www.smiths.com/role/ConsolidatedIncomeStatement">
<loc xlink:type="locator" xlink:href="https://xbrl.ifrs.org/taxonomy/2022-03-24/full_ifrs/full_ifrs-cor_2022-03-24.xsd#ifrs-full_ProfitLoss" xlink:label="loc_ifrs-full_ProfitLoss" />
<loc xlink:type="locator" xlink:href="https://xbrl.ifrs.org/taxonomy/2022-03-24/full_ifrs/full_ifrs-cor_2022-03-24.xsd#ifrs-full_ProfitLossFromDiscontinuedOperations" xlink:label="loc_ifrs-full_ProfitLossFromDiscontinuedOperations" />
<calculationArc xlink:type="arc" xlink:arcrole="http://www.xbrl.org/2003/arcrole/summation-item" xlink:from="loc_ifrs-full_ProfitLoss" xlink:to="loc_ifrs-full_ProfitLossFromDiscontinuedOperations" use="optional" order="1" weight="1" />
<loc xlink:type="locator" xlink:href="https://xbrl.ifrs.org/taxonomy/2022-03-24/full_ifrs/full_ifrs-cor_2022-03-24.xsd#ifrs-full_ProfitLossFromContinuingOperations" xlink:label="loc_ifrs-full_ProfitLossFromContinuingOperations" />
<calculationArc xlink:type="arc" xlink:arcrole="http://www.xbrl.org/2003/arcrole/summation-item" xlink:from="loc_ifrs-full_ProfitLoss" xlink:to="loc_ifrs-full_ProfitLossFromContinuingOperations" use="optional" order="2" weight="1" />
<loc xlink:type="locator" xlink:href="https://xbrl.ifrs.org/taxonomy/2022-03-24/full_ifrs/full_ifrs-cor_2022-03-24.xsd#ifrs-full_ProfitLossBeforeTax" xlink:label="loc_ifrs-full_ProfitLossBeforeTax" />
<calculationArc xlink:type="arc" xlink:arcrole="http://www.xbrl.org/2003/arcrole/summation-item" xlink:from="loc_ifrs-full_ProfitLossFromContinuingOperations" xlink:to="loc_ifrs-full_ProfitLossBeforeTax" use="optional" order="3" weight="1" />
<loc xlink:type="locator" xlink:href="https://xbrl.ifrs.org/taxonomy/2022-03-24/full_ifrs/full_ifrs-cor_2022-03-24.xsd#ifrs-full_ProfitLossFromOperatingActivities" xlink:label="loc_ifrs-full_ProfitLossFromOperatingActivities" />
<calculationArc xlink:type="arc" xlink:arcrole="http://www.xbrl.org/2003/arcrole/summation-item" xlink:from="loc_ifrs-full_ProfitLossBeforeTax" xlink:to="loc_ifrs-full_ProfitLossFromOperatingActivities" use="optional" order="4" weight="1" />
<loc xlink:type="locator" xlink:href="https://xbrl.ifrs.org/taxonomy/2022-03-24/full_ifrs/full_ifrs-cor_2022-03-24.xsd#ifrs-full_Revenue" xlink:label="loc_ifrs-full_Revenue" />
<calculationArc xlink:type="arc" xlink:arcrole="http://www.xbrl.org/2003/arcrole/summation-item" xlink:from="loc_ifrs-full_ProfitLossFromOperatingActivities" xlink:to="loc_ifrs-full_Revenue" use="optional" order="5" weight="1" />
<loc xlink:type="locator" xlink:href="https://xbrl.ifrs.org/taxonomy/2022-03-24/full_ifrs/full_ifrs-cor_2022-03-24.xsd#ifrs-full_OperatingExpense" xlink:label="loc_ifrs-full_OperatingExpense" />
<calculationArc xlink:type="arc" xlink:arcrole="http://www.xbrl.org/2003/arcrole/summation-item" xlink:from="loc_ifrs-full_ProfitLossFromOperatingActivities" xlink:to="loc_ifrs-full_OperatingExpense" use="optional" order="6" weight="-1" />
<loc xlink:type="locator" xlink:href="https://xbrl.ifrs.org/taxonomy/2022-03-24/full_ifrs/full_ifrs-cor_2022-03-24.xsd#ifrs-full_FinanceIncomeCost" xlink:label="loc_ifrs-full_FinanceIncomeCost" />
<calculationArc xlink:type="arc" xlink:arcrole="http://www.xbrl.org/2003/arcrole/summation-item" xlink:from="loc_ifrs-full_ProfitLossBeforeTax" xlink:to="loc_ifrs-full_FinanceIncomeCost" use="optional" order="7" weight="1" />
<loc xlink:type="locator" xlink:href="https://xbrl.ifrs.org/taxonomy/2022-03-24/full_ifrs/full_ifrs-cor_2022-03-24.xsd#ifrs-full_RevenueFromInterest" xlink:label="loc_ifrs-full_RevenueFromInterest" />
<calculationArc xlink:type="arc" xlink:arcrole="http://www.xbrl.org/2003/arcrole/summation-item" xlink:from="loc_ifrs-full_FinanceIncomeCost" xlink:to="loc_ifrs-full_RevenueFromInterest" use="optional" order="8" weight="1" />
<loc xlink:type="locator" xlink:href="https://xbrl.ifrs.org/taxonomy/2022-03-24/full_ifrs/full_ifrs-cor_2022-03-24.xsd#ifrs-full_InterestExpense" xlink:label="loc_ifrs-full_InterestExpense" />
<calculationArc xlink:type="arc" xlink:arcrole="http://www.xbrl.org/2003/arcrole/summation-item" xlink:from="loc_ifrs-full_FinanceIncomeCost" xlink:to="loc_ifrs-full_InterestExpense" use="optional" order="9" weight="-1" />
<loc xlink:type="locator" xlink:href="https://xbrl.ifrs.org/taxonomy/2022-03-24/full_ifrs/full_ifrs-cor_2022-03-24.xsd#ifrs-full_OtherFinanceIncomeCost" xlink:label="loc_ifrs-full_OtherFinanceIncomeCost" />
<calculationArc xlink:type="arc" xlink:arcrole="http://www.xbrl.org/2003/arcrole/summation-item" xlink:from="loc_ifrs-full_FinanceIncomeCost" xlink:to="loc_ifrs-full_OtherFinanceIncomeCost" use="optional" order="10" weight="1" />
<loc xlink:type="locator" xlink:href="https://xbrl.ifrs.org/taxonomy/2022-03-24/full_ifrs/full_ifrs-cor_2022-03-24.xsd#ifrs-full_OtherFinanceIncome" xlink:label="loc_ifrs-full_OtherFinanceIncome" />
<calculationArc xlink:type="arc" xlink:arcrole="http://www.xbrl.org/2003/arcrole/summation-item" xlink:from="loc_ifrs-full_FinanceIncomeCost" xlink:to="loc_ifrs-full_OtherFinanceIncome" use="optional" order="11" weight="1" />
<loc xlink:type="locator" xlink:href="https://xbrl.ifrs.org/taxonomy/2022-03-24/full_ifrs/full_ifrs-cor_2022-03-24.xsd#ifrs-full_IncomeTaxExpenseContinuingOperations" xlink:label="loc_ifrs-full_IncomeTaxExpenseContinuingOperations" />
<calculationArc xlink:type="arc" xlink:arcrole="http://www.xbrl.org/2003/arcrole/summation-item" xlink:from="loc_ifrs-full_ProfitLossFromContinuingOperations" xlink:to="loc_ifrs-full_IncomeTaxExpenseContinuingOperations" use="optional" order="12" weight="-1" />
</calculationLink>
<calculationLink xlink:type="extended" xlink:role="http://www.smiths.com/role/ConsolidatedIncomeStatementAlternate1">
<loc xlink:type="locator" xlink:href="https://xbrl.ifrs.org/taxonomy/2022-03-24/full_ifrs/full_ifrs-cor_2022-03-24.xsd#ifrs-full_ProfitLoss" xlink:label="loc_ifrs-full_ProfitLoss" />
<loc xlink:type="locator" xlink:href="https://xbrl.ifrs.org/taxonomy/2022-03-24/full_ifrs/full_ifrs-cor_2022-03-24.xsd#ifrs-full_ProfitLossFromContinuingOperationsAttributableToOrdinaryEquityHoldersOfParentEntity" xlink:label="loc_ifrs-full_ProfitLossFromContinuingOperationsAttributableToOrdinaryEquityHoldersOfParentEntity" />
<calculationArc xlink:type="arc" xlink:arcrole="http://www.xbrl.org/2003/arcrole/summation-item" xlink:from="loc_ifrs-full_ProfitLoss" xlink:to="loc_ifrs-full_ProfitLossFromContinuingOperationsAttributableToOrdinaryEquityHoldersOfParentEntity" use="optional" order="13" weight="1" />
<loc xlink:type="locator" xlink:href="https://xbrl.ifrs.org/taxonomy/2022-03-24/full_ifrs/full_ifrs-cor_2022-03-24.xsd#ifrs-full_ProfitLossFromDiscontinuedOperationsAttributableToOrdinaryEquityHoldersOfParentEntity" xlink:label="loc_ifrs-full_ProfitLossFromDiscontinuedOperationsAttributableToOrdinaryEquityHoldersOfParentEntity" />
<calculationArc xlink:type="arc" xlink:arcrole="http://www.xbrl.org/2003/arcrole/summation-item" xlink:from="loc_ifrs-full_ProfitLoss" xlink:to="loc_ifrs-full_ProfitLossFromDiscontinuedOperationsAttributableToOrdinaryEquityHoldersOfParentEntity" use="optional" order="14" weight="1" />
<loc xlink:type="locator" xlink:href="https://xbrl.ifrs.org/taxonomy/2022-03-24/full_ifrs/full_ifrs-cor_2022-03-24.xsd#ifrs-full_ProfitLossAttributableToNoncontrollingInterests" xlink:label="loc_ifrs-full_ProfitLossAttributableToNoncontrollingInterests" />
<calculationArc xlink:type="arc" xlink:arcrole="http://www.xbrl.org/2003/arcrole/summation-item" xlink:from="loc_ifrs-full_ProfitLoss" xlink:to="loc_ifrs-full_ProfitLossAttributableToNoncontrollingInterests" use="optional" order="15" weight="1" />
</calculationLink>
<calculationLink xlink:type="extended" xlink:role="http://www.smiths.com/role/ConsolidatedBalanceSheet">
<loc xlink:type="locator" xlink:href="https://xbrl.ifrs.org/taxonomy/2022-03-24/full_ifrs/full_ifrs-cor_2022-03-24.xsd#ifrs-full_NetAssetsLiabilities" xlink:label="loc_ifrs-full_NetAssetsLiabilities" />
<loc xlink:type="locator" xlink:href="https://xbrl.ifrs.org/taxonomy/2022-03-24/full_ifrs/full_ifrs-cor_2022-03-24.xsd#ifrs-full_Assets" xlink:label="loc_ifrs-full_Assets" />
<calculationArc xlink:type="arc" xlink:arcrole="http://www.xbrl.org/2003/arcrole/summation-item" xlink:from="loc_ifrs-full_NetAssetsLiabilities" xlink:to="loc_ifrs-full_Assets" use="optional" order="1" weight="1" />
<loc xlink:type="locator" xlink:href="https://xbrl.ifrs.org/taxonomy/2022-03-24/full_ifrs/full_ifrs-cor_2022-03-24.xsd#ifrs-full_NoncurrentAssets" xlink:label="loc_ifrs-full_NoncurrentAssets" />
<calculationArc xlink:type="arc" xlink:arcrole="http://www.xbrl.org/2003/arcrole/summation-item" xlink:from="loc_ifrs-full_Assets" xlink:to="loc_ifrs-full_NoncurrentAssets" use="optional" order="2" weight="1" />
<loc xlink:type="locator" xlink:href="https://xbrl.ifrs.org/taxonomy/2022-03-24/full_ifrs/full_ifrs-cor_2022-03-24.xsd#ifrs-full_IntangibleAssetsOtherThanGoodwill" xlink:label="loc_ifrs-full_IntangibleAssetsOtherThanGoodwill" />
<calculationArc xlink:type="arc" xlink:arcrole="http://www.xbrl.org/2003/arcrole/summation-item" xlink:from="loc_ifrs-full_NoncurrentAssets" xlink:to="loc_ifrs-full_IntangibleAssetsOtherThanGoodwill" use="optional" order="3" weight="1" />
<loc xlink:type="locator" xlink:href="https://xbrl.ifrs.org/taxonomy/2022-03-24/full_ifrs/full_ifrs-cor_2022-03-24.xsd#ifrs-full_PropertyPlantAndEquipment" xlink:label="loc_ifrs-full_PropertyPlantAndEquipment" />
<calculationArc xlink:type="arc" xlink:arcrole="http://www.xbrl.org/2003/arcrole/summation-item" xlink:from="loc_ifrs-full_NoncurrentAssets" xlink:to="loc_ifrs-full_PropertyPlantAndEquipment" use="optional" order="4" weight="1" />
<loc xlink:type="locator" xlink:href="https://xbrl.ifrs.org/taxonomy/2022-03-24/full_ifrs/full_ifrs-cor_2022-03-24.xsd#ifrs-full_RightofuseAssets" xlink:label="loc_ifrs-full_RightofuseAssets" />
<calculationArc xlink:type="arc" xlink:arcrole="http://www.xbrl.org/2003/arcrole/summation-item" xlink:from="loc_ifrs-full_NoncurrentAssets" xlink:to="loc_ifrs-full_RightofuseAssets" use="optional" order="5" weight="1" />
<loc xlink:type="locator" xlink:href="https://xbrl.ifrs.org/taxonomy/2022-03-24/full_ifrs/full_ifrs-cor_2022-03-24.xsd#ifrs-full_FinancialAssets" xlink:label="loc_ifrs-full_FinancialAssets" />
<calculationArc xlink:type="arc" xlink:arcrole="http://www.xbrl.org/2003/arcrole/summation-item" xlink:from="loc_ifrs-full_NoncurrentAssets" xlink:to="loc_ifrs-full_FinancialAssets" use="optional" order="6" weight="1" />
<loc xlink:type="locator" xlink:href="https://xbrl.ifrs.org/taxonomy/2022-03-24/full_ifrs/full_ifrs-cor_2022-03-24.xsd#ifrs-full_NoncurrentRecognisedAssetsDefinedBenefitPlan" xlink:label="loc_ifrs-full_NoncurrentRecognisedAssetsDefinedBenefitPlan" />
<calculationArc xlink:type="arc" xlink:arcrole="http://www.xbrl.org/2003/arcrole/summation-item" xlink:from="loc_ifrs-full_NoncurrentAssets" xlink:to="loc_ifrs-full_NoncurrentRecognisedAssetsDefinedBenefitPlan" use="optional" order="7" weight="1" />
<loc xlink:type="locator" xlink:href="https://xbrl.ifrs.org/taxonomy/2022-03-24/full_ifrs/full_ifrs-cor_2022-03-24.xsd#ifrs-full_DeferredTaxAssets" xlink:label="loc_ifrs-full_DeferredTaxAssets" />
<calculationArc xlink:type="arc" xlink:arcrole="http://www.xbrl.org/2003/arcrole/summation-item" xlink:from="loc_ifrs-full_NoncurrentAssets" xlink:to="loc_ifrs-full_DeferredTaxAssets" use="optional" order="8" weight="1" />
<loc xlink:type="locator" xlink:href="https://xbrl.ifrs.org/taxonomy/2022-03-24/full_ifrs/full_ifrs-cor_2022-03-24.xsd#ifrs-full_NoncurrentReceivables" xlink:label="loc_ifrs-full_NoncurrentReceivables" />
<calculationArc xlink:type="arc" xlink:arcrole="http://www.xbrl.org/2003/arcrole/summation-item" xlink:from="loc_ifrs-full_NoncurrentAssets" xlink:to="loc_ifrs-full_NoncurrentReceivables" use="optional" order="9" weight="1" />
<loc xlink:type="locator" xlink:href="https://xbrl.ifrs.org/taxonomy/2022-03-24/full_ifrs/full_ifrs-cor_2022-03-24.xsd#ifrs-full_CurrentAssets" xlink:label="loc_ifrs-full_CurrentAssets" />
<calculationArc xlink:type="arc" xlink:arcrole="http://www.xbrl.org/2003/arcrole/summation-item" xlink:from="loc_ifrs-full_Assets" xlink:to="loc_ifrs-full_CurrentAssets" use="optional" order="10" weight="1" />
<loc xlink:type="locator" xlink:href="https://xbrl.ifrs.org/taxonomy/2022-03-24/full_ifrs/full_ifrs-cor_2022-03-24.xsd#ifrs-full_Inventories" xlink:label="loc_ifrs-full_Inventories" />
<calculationArc xlink:type="arc" xlink:arcrole="http://www.xbrl.org/2003/arcrole/summation-item" xlink:from="loc_ifrs-full_CurrentAssets" xlink:to="loc_ifrs-full_Inventories" use="optional" order="11" weight="1" />
<loc xlink:type="locator" xlink:href="https://xbrl.ifrs.org/taxonomy/2022-03-24/full_ifrs/full_ifrs-cor_2022-03-24.xsd#ifrs-full_CurrentTaxAssetsCurrent" xlink:label="loc_ifrs-full_CurrentTaxAssetsCurrent" />
<calculationArc xlink:type="arc" xlink:arcrole="http://www.xbrl.org/2003/arcrole/summation-item" xlink:from="loc_ifrs-full_CurrentAssets" xlink:to="loc_ifrs-full_CurrentTaxAssetsCurrent" use="optional" order="12" weight="1" />
<loc xlink:type="locator" xlink:href="https://xbrl.ifrs.org/taxonomy/2022-03-24/full_ifrs/full_ifrs-cor_2022-03-24.xsd#ifrs-full_TradeAndOtherCurrentReceivables" xlink:label="loc_ifrs-full_TradeAndOtherCurrentReceivables" />
<calculationArc xlink:type="arc" xlink:arcrole="http://www.xbrl.org/2003/arcrole/summation-item" xlink:from="loc_ifrs-full_CurrentAssets" xlink:to="loc_ifrs-full_TradeAndOtherCurrentReceivables" use="optional" order="13" weight="1" />
<loc xlink:type="locator" xlink:href="https://xbrl.ifrs.org/taxonomy/2022-03-24/full_ifrs/full_ifrs-cor_2022-03-24.xsd#ifrs-full_CashAndCashEquivalents" xlink:label="loc_ifrs-full_CashAndCashEquivalents" />
<calculationArc xlink:type="arc" xlink:arcrole="http://www.xbrl.org/2003/arcrole/summation-item" xlink:from="loc_ifrs-full_CurrentAssets" xlink:to="loc_ifrs-full_CashAndCashEquivalents" use="optional" order="14" weight="1" />
<loc xlink:type="locator" xlink:href="https://xbrl.ifrs.org/taxonomy/2022-03-24/full_ifrs/full_ifrs-cor_2022-03-24.xsd#ifrs-full_CurrentDerivativeFinancialAssets" xlink:label="loc_ifrs-full_CurrentDerivativeFinancialAssets" />
<calculationArc xlink:type="arc" xlink:arcrole="http://www.xbrl.org/2003/arcrole/summation-item" xlink:from="loc_ifrs-full_CurrentAssets" xlink:to="loc_ifrs-full_CurrentDerivativeFinancialAssets" use="optional" order="15" weight="1" />
<loc xlink:type="locator" xlink:href="https://xbrl.ifrs.org/taxonomy/2022-03-24/full_ifrs/full_ifrs-cor_2022-03-24.xsd#ifrs-full_Liabilities" xlink:label="loc_ifrs-full_Liabilities" />
<calculationArc xlink:type="arc" xlink:arcrole="http://www.xbrl.org/2003/arcrole/summation-item" xlink:from="loc_ifrs-full_NetAssetsLiabilities" xlink:to="loc_ifrs-full_Liabilities" use="optional" order="16" weight="-1" />
<loc xlink:type="locator" xlink:href="https://xbrl.ifrs.org/taxonomy/2022-03-24/full_ifrs/full_ifrs-cor_2022-03-24.xsd#ifrs-full_CurrentLiabilities" xlink:label="loc_ifrs-full_CurrentLiabilities" />
<calculationArc xlink:type="arc" xlink:arcrole="http://www.xbrl.org/2003/arcrole/summation-item" xlink:from="loc_ifrs-full_Liabilities" xlink:to="loc_ifrs-full_CurrentLiabilities" use="optional" order="17" weight="1" />
<loc xlink:type="locator" xlink:href="https://xbrl.ifrs.org/taxonomy/2022-03-24/full_ifrs/full_ifrs-cor_2022-03-24.xsd#ifrs-full_ShorttermBorrowings" xlink:label="loc_ifrs-full_ShorttermBorrowings" />
<calculationArc xlink:type="arc" xlink:arcrole="http://www.xbrl.org/2003/arcrole/summation-item" xlink:from="loc_ifrs-full_CurrentLiabilities" xlink:to="loc_ifrs-full_ShorttermBorrowings" use="optional" order="18" weight="1" />
<loc xlink:type="locator" xlink:href="https://xbrl.ifrs.org/taxonomy/2022-03-24/full_ifrs/full_ifrs-cor_2022-03-24.xsd#ifrs-full_CurrentLeaseLiabilities" xlink:label="loc_ifrs-full_CurrentLeaseLiabilities" />
<calculationArc xlink:type="arc" xlink:arcrole="http://www.xbrl.org/2003/arcrole/summation-item" xlink:from="loc_ifrs-full_CurrentLiabilities" xlink:to="loc_ifrs-full_CurrentLeaseLiabilities" use="optional" order="19" weight="1" />
<loc xlink:type="locator" xlink:href="https://xbrl.ifrs.org/taxonomy/2022-03-24/full_ifrs/full_ifrs-cor_2022-03-24.xsd#ifrs-full_CurrentDerivativeFinancialLiabilities" xlink:label="loc_ifrs-full_CurrentDerivativeFinancialLiabilities" />
<calculationArc xlink:type="arc" xlink:arcrole="http://www.xbrl.org/2003/arcrole/summation-item" xlink:from="loc_ifrs-full_CurrentLiabilities" xlink:to="loc_ifrs-full_CurrentDerivativeFinancialLiabilities" use="optional" order="20" weight="1" />
<loc xlink:type="locator" xlink:href="https://xbrl.ifrs.org/taxonomy/2022-03-24/full_ifrs/full_ifrs-cor_2022-03-24.xsd#ifrs-full_CurrentProvisions" xlink:label="loc_ifrs-full_CurrentProvisions" />
<calculationArc xlink:type="arc" xlink:arcrole="http://www.xbrl.org/2003/arcrole/summation-item" xlink:from="loc_ifrs-full_CurrentLiabilities" xlink:to="loc_ifrs-full_CurrentProvisions" use="optional" order="21" weight="1" />
<loc xlink:type="locator" xlink:href="https://xbrl.ifrs.org/taxonomy/2022-03-24/full_ifrs/full_ifrs-cor_2022-03-24.xsd#ifrs-full_TradeAndOtherCurrentPayables" xlink:label="loc_ifrs-full_TradeAndOtherCurrentPayables" />
<calculationArc xlink:type="arc" xlink:arcrole="http://www.xbrl.org/2003/arcrole/summation-item" xlink:from="loc_ifrs-full_CurrentLiabilities" xlink:to="loc_ifrs-full_TradeAndOtherCurrentPayables" use="optional" order="22" weight="1" />
<loc xlink:type="locator" xlink:href="https://xbrl.ifrs.org/taxonomy/2022-03-24/full_ifrs/full_ifrs-cor_2022-03-24.xsd#ifrs-full_CurrentTaxLiabilitiesCurrent" xlink:label="loc_ifrs-full_CurrentTaxLiabilitiesCurrent" />
<calculationArc xlink:type="arc" xlink:arcrole="http://www.xbrl.org/2003/arcrole/summation-item" xlink:from="loc_ifrs-full_CurrentLiabilities" xlink:to="loc_ifrs-full_CurrentTaxLiabilitiesCurrent" use="optional" order="23" weight="1" />
<loc xlink:type="locator" xlink:href="https://xbrl.ifrs.org/taxonomy/2022-03-24/full_ifrs/full_ifrs-cor_2022-03-24.xsd#ifrs-full_NoncurrentLiabilities" xlink:label="loc_ifrs-full_NoncurrentLiabilities" />
<calculationArc xlink:type="arc" xlink:arcrole="http://www.xbrl.org/2003/arcrole/summation-item" xlink:from="loc_ifrs-full_Liabilities" xlink:to="loc_ifrs-full_NoncurrentLiabilities" use="optional" order="24" weight="1" />
<loc xlink:type="locator" xlink:href="https://xbrl.ifrs.org/taxonomy/2022-03-24/full_ifrs/full_ifrs-cor_2022-03-24.xsd#ifrs-full_LongtermBorrowings" xlink:label="loc_ifrs-full_LongtermBorrowings" />
<calculationArc xlink:type="arc" xlink:arcrole="http://www.xbrl.org/2003/arcrole/summation-item" xlink:from="loc_ifrs-full_NoncurrentLiabilities" xlink:to="loc_ifrs-full_LongtermBorrowings" use="optional" order="25" weight="1" />
<loc xlink:type="locator" xlink:href="https://xbrl.ifrs.org/taxonomy/2022-03-24/full_ifrs/full_ifrs-cor_2022-03-24.xsd#ifrs-full_NoncurrentLeaseLiabilities" xlink:label="loc_ifrs-full_NoncurrentLeaseLiabilities" />
<calculationArc xlink:type="arc" xlink:arcrole="http://www.xbrl.org/2003/arcrole/summation-item" xlink:from="loc_ifrs-full_NoncurrentLiabilities" xlink:to="loc_ifrs-full_NoncurrentLeaseLiabilities" use="optional" order="26" weight="1" />
<loc xlink:type="locator" xlink:href="https://xbrl.ifrs.org/taxonomy/2022-03-24/full_ifrs/full_ifrs-cor_2022-03-24.xsd#ifrs-full_NoncurrentProvisions" xlink:label="loc_ifrs-full_NoncurrentProvisions" />
<calculationArc xlink:type="arc" xlink:arcrole="http://www.xbrl.org/2003/arcrole/summation-item" xlink:from="loc_ifrs-full_NoncurrentLiabilities" xlink:to="loc_ifrs-full_NoncurrentProvisions" use="optional" order="27" weight="1" />
<loc xlink:type="locator" xlink:href="https://xbrl.ifrs.org/taxonomy/2022-03-24/full_ifrs/full_ifrs-cor_2022-03-24.xsd#ifrs-full_NoncurrentRecognisedLiabilitiesDefinedBenefitPlan" xlink:label="loc_ifrs-full_NoncurrentRecognisedLiabilitiesDefinedBenefitPlan" />
<calculationArc xlink:type="arc" xlink:arcrole="http://www.xbrl.org/2003/arcrole/summation-item" xlink:from="loc_ifrs-full_NoncurrentLiabilities" xlink:to="loc_ifrs-full_NoncurrentRecognisedLiabilitiesDefinedBenefitPlan" use="optional" order="28" weight="1" />
<loc xlink:type="locator" xlink:href="https://xbrl.ifrs.org/taxonomy/2022-03-24/full_ifrs/full_ifrs-cor_2022-03-24.xsd#ifrs-full_CurrentTaxLiabilitiesNoncurrent" xlink:label="loc_ifrs-full_CurrentTaxLiabilitiesNoncurrent" />
<calculationArc xlink:type="arc" xlink:arcrole="http://www.xbrl.org/2003/arcrole/summation-item" xlink:from="loc_ifrs-full_NoncurrentLiabilities" xlink:to="loc_ifrs-full_CurrentTaxLiabilitiesNoncurrent" use="optional" order="29" weight="1" />
<loc xlink:type="locator" xlink:href="https://xbrl.ifrs.org/taxonomy/2022-03-24/full_ifrs/full_ifrs-cor_2022-03-24.xsd#ifrs-full_DeferredTaxLiabilities" xlink:label="loc_ifrs-full_DeferredTaxLiabilities" />
<calculationArc xlink:type="arc" xlink:arcrole="http://www.xbrl.org/2003/arcrole/summation-item" xlink:from="loc_ifrs-full_NoncurrentLiabilities" xlink:to="loc_ifrs-full_DeferredTaxLiabilities" use="optional" order="30" weight="1" />
<loc xlink:type="locator" xlink:href="https://xbrl.ifrs.org/taxonomy/2022-03-24/full_ifrs/full_ifrs-cor_2022-03-24.xsd#ifrs-full_NoncurrentPayables" xlink:label="loc_ifrs-full_NoncurrentPayables" />
<calculationArc xlink:type="arc" xlink:arcrole="http://www.xbrl.org/2003/arcrole/summation-item" xlink:from="loc_ifrs-full_NoncurrentLiabilities" xlink:to="loc_ifrs-full_NoncurrentPayables" use="optional" order="31" weight="1" />
<loc xlink:type="locator" xlink:href="https://xbrl.ifrs.org/taxonomy/2022-03-24/full_ifrs/full_ifrs-cor_2022-03-24.xsd#ifrs-full_NoncurrentDerivativeFinancialLiabilities" xlink:label="loc_ifrs-full_NoncurrentDerivativeFinancialLiabilities" />
<calculationArc xlink:type="arc" xlink:arcrole="http://www.xbrl.org/2003/arcrole/summation-item" xlink:from="loc_ifrs-full_NoncurrentLiabilities" xlink:to="loc_ifrs-full_NoncurrentDerivativeFinancialLiabilities" use="optional" order="32" weight="1" />
</calculationLink>
<calculationLink xlink:type="extended" xlink:role="http://www.smiths.com/role/ConsolidatedBalanceSheet">
<loc xlink:type="locator" xlink:href="https://xbrl.ifrs.org/taxonomy/2022-03-24/full_ifrs/full_ifrs-cor_2022-03-24.xsd#ifrs-full_Equity" xlink:label="loc_ifrs-full_Equity" />
<loc xlink:type="locator" xlink:href="https://xbrl.ifrs.org/taxonomy/2022-03-24/full_ifrs/full_ifrs-cor_2022-03-24.xsd#ifrs-full_EquityAttributableToOwnersOfParent" xlink:label="loc_ifrs-full_EquityAttributableToOwnersOfParent" />
<calculationArc xlink:type="arc" xlink:arcrole="http://www.xbrl.org/2003/arcrole/summation-item" xlink:from="loc_ifrs-full_Equity" xlink:to="loc_ifrs-full_EquityAttributableToOwnersOfParent" use="optional" order="33" weight="1" />
<loc xlink:type="locator" xlink:href="https://xbrl.ifrs.org/taxonomy/2022-03-24/full_ifrs/full_ifrs-cor_2022-03-24.xsd#ifrs-full_IssuedCapital" xlink:label="loc_ifrs-full_IssuedCapital" />
<calculationArc xlink:type="arc" xlink:arcrole="http://www.xbrl.org/2003/arcrole/summation-item" xlink:from="loc_ifrs-full_EquityAttributableToOwnersOfParent" xlink:to="loc_ifrs-full_IssuedCapital" use="optional" order="34" weight="1" />
<loc xlink:type="locator" xlink:href="https://xbrl.ifrs.org/taxonomy/2022-03-24/full_ifrs/full_ifrs-cor_2022-03-24.xsd#ifrs-full_SharePremium" xlink:label="loc_ifrs-full_SharePremium" />
<calculationArc xlink:type="arc" xlink:arcrole="http://www.xbrl.org/2003/arcrole/summation-item" xlink:from="loc_ifrs-full_EquityAttributableToOwnersOfParent" xlink:to="loc_ifrs-full_SharePremium" use="optional" order="35" weight="1" />
<loc xlink:type="locator" xlink:href="https://xbrl.ifrs.org/taxonomy/2022-03-24/full_ifrs/full_ifrs-cor_2022-03-24.xsd#ifrs-full_CapitalRedemptionReserve" xlink:label="loc_ifrs-full_CapitalRedemptionReserve" />
<calculationArc xlink:type="arc" xlink:arcrole="http://www.xbrl.org/2003/arcrole/summation-item" xlink:from="loc_ifrs-full_EquityAttributableToOwnersOfParent" xlink:to="loc_ifrs-full_CapitalRedemptionReserve" use="optional" order="36" weight="1" />
<loc xlink:type="locator" xlink:href="https://xbrl.ifrs.org/taxonomy/2022-03-24/full_ifrs/full_ifrs-cor_2022-03-24.xsd#ifrs-full_MergerReserve" xlink:label="loc_ifrs-full_MergerReserve" />
<calculationArc xlink:type="arc" xlink:arcrole="http://www.xbrl.org/2003/arcrole/summation-item" xlink:from="loc_ifrs-full_EquityAttributableToOwnersOfParent" xlink:to="loc_ifrs-full_MergerReserve" use="optional" order="37" weight="1" />
<loc xlink:type="locator" xlink:href="https://xbrl.ifrs.org/taxonomy/2022-03-24/full_ifrs/full_ifrs-cor_2022-03-24.xsd#ifrs-full_ReserveOfExchangeDifferencesOnTranslation" xlink:label="loc_ifrs-full_ReserveOfExchangeDifferencesOnTranslation" />
<calculationArc xlink:type="arc" xlink:arcrole="http://www.xbrl.org/2003/arcrole/summation-item" xlink:from="loc_ifrs-full_EquityAttributableToOwnersOfParent" xlink:to="loc_ifrs-full_ReserveOfExchangeDifferencesOnTranslation" use="optional" order="38" weight="1" />
<loc xlink:type="locator" xlink:href="https://xbrl.ifrs.org/taxonomy/2022-03-24/full_ifrs/full_ifrs-cor_2022-03-24.xsd#ifrs-full_RetainedEarnings" xlink:label="loc_ifrs-full_RetainedEarnings" />
<calculationArc xlink:type="arc" xlink:arcrole="http://www.xbrl.org/2003/arcrole/summation-item" xlink:from="loc_ifrs-full_EquityAttributableToOwnersOfParent" xlink:to="loc_ifrs-full_RetainedEarnings" use="optional" order="39" weight="1" />
<loc xlink:type="locator" xlink:href="213800MJL6IPZS3ASA11-2024-07-31.xsd#smin_ReserveOfCashFlowHedgesAndHedgesOfNetInvestmentsInForeignOperations" xlink:label="loc_SMIN_ReserveOfCashFlowHedgesAndHedgesOfNetInvestmentsInForeignOperations" />
<calculationArc xlink:type="arc" xlink:arcrole="http://www.xbrl.org/2003/arcrole/summation-item" xlink:from="loc_ifrs-full_EquityAttributableToOwnersOfParent" xlink:to="loc_SMIN_ReserveOfCashFlowHedgesAndHedgesOfNetInvestmentsInForeignOperations" use="optional" order="40" weight="1" />
<loc xlink:type="locator" xlink:href="https://xbrl.ifrs.org/taxonomy/2022-03-24/full_ifrs/full_ifrs-cor_2022-03-24.xsd#ifrs-full_NoncontrollingInterests" xlink:label="loc_ifrs-full_NoncontrollingInterests" />
<calculationArc xlink:type="arc" xlink:arcrole="http://www.xbrl.org/2003/arcrole/summation-item" xlink:from="loc_ifrs-full_Equity" xlink:to="loc_ifrs-full_NoncontrollingInterests" use="optional" order="41" weight="1" />
</calculationLink>
<calculationLink xlink:type="extended" xlink:role="http://www.smiths.com/role/ConsolidatedCashFlowStatement">
<loc xlink:type="locator" xlink:href="https://xbrl.ifrs.org/taxonomy/2022-03-24/full_ifrs/full_ifrs-cor_2022-03-24.xsd#ifrs-full_IncreaseDecreaseInCashAndCashEquivalentsBeforeEffectOfExchangeRateChanges" xlink:label="loc_ifrs-full_IncreaseDecreaseInCashAndCashEquivalentsBeforeEffectOfExchangeRateChanges" />
<loc xlink:type="locator" xlink:href="https://xbrl.ifrs.org/taxonomy/2022-03-24/full_ifrs/full_ifrs-cor_2022-03-24.xsd#ifrs-full_CashFlowsFromUsedInOperatingActivities" xlink:label="loc_ifrs-full_CashFlowsFromUsedInOperatingActivities" />
<calculationArc xlink:type="arc" xlink:arcrole="http://www.xbrl.org/2003/arcrole/summation-item" xlink:from="loc_ifrs-full_IncreaseDecreaseInCashAndCashEquivalentsBeforeEffectOfExchangeRateChanges" xlink:to="loc_ifrs-full_CashFlowsFromUsedInOperatingActivities" use="optional" order="1" weight="1" />
<loc xlink:type="locator" xlink:href="https://xbrl.ifrs.org/taxonomy/2022-03-24/full_ifrs/full_ifrs-cor_2022-03-24.xsd#ifrs-full_CashFlowsFromUsedInFinancingActivities" xlink:label="loc_ifrs-full_CashFlowsFromUsedInFinancingActivities" />
<calculationArc xlink:type="arc" xlink:arcrole="http://www.xbrl.org/2003/arcrole/summation-item" xlink:from="loc_ifrs-full_IncreaseDecreaseInCashAndCashEquivalentsBeforeEffectOfExchangeRateChanges" xlink:to="loc_ifrs-full_CashFlowsFromUsedInFinancingActivities" use="optional" order="2" weight="1" />
<loc xlink:type="locator" xlink:href="https://xbrl.ifrs.org/taxonomy/2022-03-24/full_ifrs/full_ifrs-cor_2022-03-24.xsd#ifrs-full_PaymentsToAcquireOrRedeemEntitysShares" xlink:label="loc_ifrs-full_PaymentsToAcquireOrRedeemEntitysShares" />
<calculationArc xlink:type="arc" xlink:arcrole="http://www.xbrl.org/2003/arcrole/summation-item" xlink:from="loc_ifrs-full_CashFlowsFromUsedInFinancingActivities" xlink:to="loc_ifrs-full_PaymentsToAcquireOrRedeemEntitysShares" use="optional" order="3" weight="-1" />
<loc xlink:type="locator" xlink:href="213800MJL6IPZS3ASA11-2024-07-31.xsd#smin_PurchaseOfSharesByEmployeeBenefitTrust" xlink:label="loc_SMIN_PurchaseOfSharesByEmployeeBenefitTrust" />
<calculationArc xlink:type="arc" xlink:arcrole="http://www.xbrl.org/2003/arcrole/summation-item" xlink:from="loc_ifrs-full_CashFlowsFromUsedInFinancingActivities" xlink:to="loc_SMIN_PurchaseOfSharesByEmployeeBenefitTrust" use="optional" order="4" weight="-1" />
<loc xlink:type="locator" xlink:href="213800MJL6IPZS3ASA11-2024-07-31.xsd#smin_ProceedsReceivedOnExerciseOfEmployeeShareOptions" xlink:label="loc_SMIN_ProceedsReceivedOnExerciseOfEmployeeShareOptions" />
<calculationArc xlink:type="arc" xlink:arcrole="http://www.xbrl.org/2003/arcrole/summation-item" xlink:from="loc_ifrs-full_CashFlowsFromUsedInFinancingActivities" xlink:to="loc_SMIN_ProceedsReceivedOnExerciseOfEmployeeShareOptions" use="optional" order="5" weight="1" />
<loc xlink:type="locator" xlink:href="213800MJL6IPZS3ASA11-2024-07-31.xsd#smin_SettlementOfCashSettledOptions" xlink:label="loc_SMIN_SettlementOfCashSettledOptions" />
<calculationArc xlink:type="arc" xlink:arcrole="http://www.xbrl.org/2003/arcrole/summation-item" xlink:from="loc_ifrs-full_CashFlowsFromUsedInFinancingActivities" xlink:to="loc_SMIN_SettlementOfCashSettledOptions" use="optional" order="6" weight="-1" />
<loc xlink:type="locator" xlink:href="https://xbrl.ifrs.org/taxonomy/2022-03-24/full_ifrs/full_ifrs-cor_2022-03-24.xsd#ifrs-full_DividendsPaidClassifiedAsFinancingActivities" xlink:label="loc_ifrs-full_DividendsPaidClassifiedAsFinancingActivities" />
<calculationArc xlink:type="arc" xlink:arcrole="http://www.xbrl.org/2003/arcrole/summation-item" xlink:from="loc_ifrs-full_CashFlowsFromUsedInFinancingActivities" xlink:to="loc_ifrs-full_DividendsPaidClassifiedAsFinancingActivities" use="optional" order="7" weight="-1" />
<loc xlink:type="locator" xlink:href="https://xbrl.ifrs.org/taxonomy/2022-03-24/full_ifrs/full_ifrs-cor_2022-03-24.xsd#ifrs-full_ProceedsFromContributionsOfNoncontrollingInterests" xlink:label="loc_ifrs-full_ProceedsFromContributionsOfNoncontrollingInterests" />
<calculationArc xlink:type="arc" xlink:arcrole="http://www.xbrl.org/2003/arcrole/summation-item" xlink:from="loc_ifrs-full_CashFlowsFromUsedInFinancingActivities" xlink:to="loc_ifrs-full_ProceedsFromContributionsOfNoncontrollingInterests" use="optional" order="8" weight="1" />
<loc xlink:type="locator" xlink:href="https://xbrl.ifrs.org/taxonomy/2022-03-24/full_ifrs/full_ifrs-cor_2022-03-24.xsd#ifrs-full_PaymentsOfLeaseLiabilitiesClassifiedAsFinancingActivities" xlink:label="loc_ifrs-full_PaymentsOfLeaseLiabilitiesClassifiedAsFinancingActivities" />
<calculationArc xlink:type="arc" xlink:arcrole="http://www.xbrl.org/2003/arcrole/summation-item" xlink:from="loc_ifrs-full_CashFlowsFromUsedInFinancingActivities" xlink:to="loc_ifrs-full_PaymentsOfLeaseLiabilitiesClassifiedAsFinancingActivities" use="optional" order="9" weight="-1" />
<loc xlink:type="locator" xlink:href="https://xbrl.ifrs.org/taxonomy/2022-03-24/full_ifrs/full_ifrs-cor_2022-03-24.xsd#ifrs-full_RepaymentsOfBorrowingsClassifiedAsFinancingActivities" xlink:label="loc_ifrs-full_RepaymentsOfBorrowingsClassifiedAsFinancingActivities" />
<calculationArc xlink:type="arc" xlink:arcrole="http://www.xbrl.org/2003/arcrole/summation-item" xlink:from="loc_ifrs-full_CashFlowsFromUsedInFinancingActivities" xlink:to="loc_ifrs-full_RepaymentsOfBorrowingsClassifiedAsFinancingActivities" use="optional" order="10" weight="-1" />
<loc xlink:type="locator" xlink:href="213800MJL6IPZS3ASA11-2024-07-31.xsd#smin_CashOutflowInflowFromMaturedDerivativeFinancialInstruments" xlink:label="loc_SMIN_CashOutflowInflowFromMaturedDerivativeFinancialInstruments" />
<calculationArc xlink:type="arc" xlink:arcrole="http://www.xbrl.org/2003/arcrole/summation-item" xlink:from="loc_ifrs-full_CashFlowsFromUsedInFinancingActivities" xlink:to="loc_SMIN_CashOutflowInflowFromMaturedDerivativeFinancialInstruments" use="optional" order="11" weight="1" />
<loc xlink:type="locator" xlink:href="https://xbrl.ifrs.org/taxonomy/2022-03-24/full_ifrs/full_ifrs-cor_2022-03-24.xsd#ifrs-full_CashFlowsFromUsedInInvestingActivities" xlink:label="loc_ifrs-full_CashFlowsFromUsedInInvestingActivities" />
<calculationArc xlink:type="arc" xlink:arcrole="http://www.xbrl.org/2003/arcrole/summation-item" xlink:from="loc_ifrs-full_IncreaseDecreaseInCashAndCashEquivalentsBeforeEffectOfExchangeRateChanges" xlink:to="loc_ifrs-full_CashFlowsFromUsedInInvestingActivities" use="optional" order="12" weight="1" />
<loc xlink:type="locator" xlink:href="https://xbrl.ifrs.org/taxonomy/2022-03-24/full_ifrs/full_ifrs-cor_2022-03-24.xsd#ifrs-full_PaymentsForDevelopmentProjectExpenditure" xlink:label="loc_ifrs-full_PaymentsForDevelopmentProjectExpenditure" />
<calculationArc xlink:type="arc" xlink:arcrole="http://www.xbrl.org/2003/arcrole/summation-item" xlink:from="loc_ifrs-full_CashFlowsFromUsedInInvestingActivities" xlink:to="loc_ifrs-full_PaymentsForDevelopmentProjectExpenditure" use="optional" order="13" weight="-1" />
<loc xlink:type="locator" xlink:href="https://xbrl.ifrs.org/taxonomy/2022-03-24/full_ifrs/full_ifrs-cor_2022-03-24.xsd#ifrs-full_PurchaseOfIntangibleAssetsClassifiedAsInvestingActivities" xlink:label="loc_ifrs-full_PurchaseOfIntangibleAssetsClassifiedAsInvestingActivities" />
<calculationArc xlink:type="arc" xlink:arcrole="http://www.xbrl.org/2003/arcrole/summation-item" xlink:from="loc_ifrs-full_CashFlowsFromUsedInInvestingActivities" xlink:to="loc_ifrs-full_PurchaseOfIntangibleAssetsClassifiedAsInvestingActivities" use="optional" order="14" weight="-1" />
<loc xlink:type="locator" xlink:href="https://xbrl.ifrs.org/taxonomy/2022-03-24/full_ifrs/full_ifrs-cor_2022-03-24.xsd#ifrs-full_PurchaseOfPropertyPlantAndEquipmentClassifiedAsInvestingActivities" xlink:label="loc_ifrs-full_PurchaseOfPropertyPlantAndEquipmentClassifiedAsInvestingActivities" />
<calculationArc xlink:type="arc" xlink:arcrole="http://www.xbrl.org/2003/arcrole/summation-item" xlink:from="loc_ifrs-full_CashFlowsFromUsedInInvestingActivities" xlink:to="loc_ifrs-full_PurchaseOfPropertyPlantAndEquipmentClassifiedAsInvestingActivities" use="optional" order="15" weight="-1" />
<loc xlink:type="locator" xlink:href="https://xbrl.ifrs.org/taxonomy/2022-03-24/full_ifrs/full_ifrs-cor_2022-03-24.xsd#ifrs-full_ProceedsFromSalesOfPropertyPlantAndEquipmentClassifiedAsInvestingActivities" xlink:label="loc_ifrs-full_ProceedsFromSalesOfPropertyPlantAndEquipmentClassifiedAsInvestingActivities" />
<calculationArc xlink:type="arc" xlink:arcrole="http://www.xbrl.org/2003/arcrole/summation-item" xlink:from="loc_ifrs-full_CashFlowsFromUsedInInvestingActivities" xlink:to="loc_ifrs-full_ProceedsFromSalesOfPropertyPlantAndEquipmentClassifiedAsInvestingActivities" use="optional" order="16" weight="1" />
<loc xlink:type="locator" xlink:href="213800MJL6IPZS3ASA11-2024-07-31.xsd#smin_IncomeFromInvestmentInFinancialAssetsClassifiedAsInvestingactivities" xlink:label="loc_SMIN_IncomeFromInvestmentInFinancialAssetsClassifiedAsInvestingactivities" />
<calculationArc xlink:type="arc" xlink:arcrole="http://www.xbrl.org/2003/arcrole/summation-item" xlink:from="loc_ifrs-full_CashFlowsFromUsedInInvestingActivities" xlink:to="loc_SMIN_IncomeFromInvestmentInFinancialAssetsClassifiedAsInvestingactivities" use="optional" order="17" weight="1" />
<loc xlink:type="locator" xlink:href="https://xbrl.ifrs.org/taxonomy/2022-03-24/full_ifrs/full_ifrs-cor_2022-03-24.xsd#ifrs-full_CashFlowsUsedInObtainingControlOfSubsidiariesOrOtherBusinessesClassifiedAsInvestingActivities" xlink:label="loc_ifrs-full_CashFlowsUsedInObtainingControlOfSubsidiariesOrOtherBusinessesClassifiedAsInvestingActivities" />
<calculationArc xlink:type="arc" xlink:arcrole="http://www.xbrl.org/2003/arcrole/summation-item" xlink:from="loc_ifrs-full_CashFlowsFromUsedInInvestingActivities" xlink:to="loc_ifrs-full_CashFlowsUsedInObtainingControlOfSubsidiariesOrOtherBusinessesClassifiedAsInvestingActivities" use="optional" order="18" weight="-1" />
<loc xlink:type="locator" xlink:href="https://xbrl.ifrs.org/taxonomy/2022-03-24/full_ifrs/full_ifrs-cor_2022-03-24.xsd#ifrs-full_CashFlowsFromLosingControlOfSubsidiariesOrOtherBusinessesClassifiedAsInvestingActivities" xlink:label="loc_ifrs-full_CashFlowsFromLosingControlOfSubsidiariesOrOtherBusinessesClassifiedAsInvestingActivities" />
<calculationArc xlink:type="arc" xlink:arcrole="http://www.xbrl.org/2003/arcrole/summation-item" xlink:from="loc_ifrs-full_CashFlowsFromUsedInInvestingActivities" xlink:to="loc_ifrs-full_CashFlowsFromLosingControlOfSubsidiariesOrOtherBusinessesClassifiedAsInvestingActivities" use="optional" order="19" weight="1" />
</calculationLink>
<calculationLink xlink:type="extended" xlink:role="http://www.smiths.com/role/ConsolidatedCashFlowStatement">
<loc xlink:type="locator" xlink:href="https://xbrl.ifrs.org/taxonomy/2022-03-24/full_ifrs/full_ifrs-cor_2022-03-24.xsd#ifrs-full_CashAndCashEquivalentsIfDifferentFromStatementOfFinancialPosition" xlink:label="loc_ifrs-full_CashAndCashEquivalentsIfDifferentFromStatementOfFinancialPosition" />
<loc xlink:type="locator" xlink:href="https://xbrl.ifrs.org/taxonomy/2022-03-24/full_ifrs/full_ifrs-cor_2022-03-24.xsd#ifrs-full_Cash" xlink:label="loc_ifrs-full_Cash" />
<calculationArc xlink:type="arc" xlink:arcrole="http://www.xbrl.org/2003/arcrole/summation-item" xlink:from="loc_ifrs-full_CashAndCashEquivalentsIfDifferentFromStatementOfFinancialPosition" xlink:to="loc_ifrs-full_Cash" use="optional" order="20" weight="1" />
<loc xlink:type="locator" xlink:href="https://xbrl.ifrs.org/taxonomy/2022-03-24/full_ifrs/full_ifrs-cor_2022-03-24.xsd#ifrs-full_ShorttermDepositsClassifiedAsCashEquivalents" xlink:label="loc_ifrs-full_ShorttermDepositsClassifiedAsCashEquivalents" />
<calculationArc xlink:type="arc" xlink:arcrole="http://www.xbrl.org/2003/arcrole/summation-item" xlink:from="loc_ifrs-full_CashAndCashEquivalentsIfDifferentFromStatementOfFinancialPosition" xlink:to="loc_ifrs-full_ShorttermDepositsClassifiedAsCashEquivalents" use="optional" order="21" weight="1" />
</calculationLink>
<calculationLink xlink:type="extended" xlink:role="http://www.smiths.com/role/ConsolidatedStatementOfComprehensiveIncome">
<loc xlink:type="locator" xlink:href="https://xbrl.ifrs.org/taxonomy/2022-03-24/full_ifrs/full_ifrs-cor_2022-03-24.xsd#ifrs-full_ComprehensiveIncome" xlink:label="loc_ifrs-full_ComprehensiveIncome" />
<loc xlink:type="locator" xlink:href="https://xbrl.ifrs.org/taxonomy/2022-03-24/full_ifrs/full_ifrs-cor_2022-03-24.xsd#ifrs-full_ComprehensiveIncomeAttributableToOwnersOfParent" xlink:label="loc_ifrs-full_ComprehensiveIncomeAttributableToOwnersOfParent" />
<calculationArc xlink:type="arc" xlink:arcrole="http://www.xbrl.org/2003/arcrole/summation-item" xlink:from="loc_ifrs-full_ComprehensiveIncome" xlink:to="loc_ifrs-full_ComprehensiveIncomeAttributableToOwnersOfParent" use="optional" order="1" weight="1" />
<loc xlink:type="locator" xlink:href="https://xbrl.ifrs.org/taxonomy/2022-03-24/full_ifrs/full_ifrs-cor_2022-03-24.xsd#ifrs-full_ComprehensiveIncomeAttributableToNoncontrollingInterests" xlink:label="loc_ifrs-full_ComprehensiveIncomeAttributableToNoncontrollingInterests" />
<calculationArc xlink:type="arc" xlink:arcrole="http://www.xbrl.org/2003/arcrole/summation-item" xlink:from="loc_ifrs-full_ComprehensiveIncome" xlink:to="loc_ifrs-full_ComprehensiveIncomeAttributableToNoncontrollingInterests" use="optional" order="2" weight="1" />
</calculationLink>
<calculationLink xlink:type="extended" xlink:role="http://www.smiths.com/role/ConsolidatedStatementOfComprehensiveIncomeAlternate1">
<loc xlink:type="locator" xlink:href="https://xbrl.ifrs.org/taxonomy/2022-03-24/full_ifrs/full_ifrs-cor_2022-03-24.xsd#ifrs-full_ComprehensiveIncome" xlink:label="loc_ifrs-full_ComprehensiveIncome" />
<loc xlink:type="locator" xlink:href="213800MJL6IPZS3ASA11-2024-07-31.xsd#smin_ComprehensiveIncomeArisingFromContinuingOperations" xlink:label="loc_SMIN_ComprehensiveIncomeArisingFromContinuingOperations" />
<calculationArc xlink:type="arc" xlink:arcrole="http://www.xbrl.org/2003/arcrole/summation-item" xlink:from="loc_ifrs-full_ComprehensiveIncome" xlink:to="loc_SMIN_ComprehensiveIncomeArisingFromContinuingOperations" use="optional" order="3" weight="1" />
<loc xlink:type="locator" xlink:href="213800MJL6IPZS3ASA11-2024-07-31.xsd#smin_ComprehensiveIncomeArisingFromDiscontinuingOperations" xlink:label="loc_SMIN_ComprehensiveIncomeArisingFromDiscontinuingOperations" />
<calculationArc xlink:type="arc" xlink:arcrole="http://www.xbrl.org/2003/arcrole/summation-item" xlink:from="loc_ifrs-full_ComprehensiveIncome" xlink:to="loc_SMIN_ComprehensiveIncomeArisingFromDiscontinuingOperations" use="optional" order="4" weight="1" />
</calculationLink>
<calculationLink xlink:type="extended" xlink:role="http://www.smiths.com/role/ConsolidatedStatementOfComprehensiveIncomeAlternate2">
<loc xlink:type="locator" xlink:href="https://xbrl.ifrs.org/taxonomy/2022-03-24/full_ifrs/full_ifrs-cor_2022-03-24.xsd#ifrs-full_ComprehensiveIncome" xlink:label="loc_ifrs-full_ComprehensiveIncome" />
<loc xlink:type="locator" xlink:href="https://xbrl.ifrs.org/taxonomy/2022-03-24/full_ifrs/full_ifrs-cor_2022-03-24.xsd#ifrs-full_OtherComprehensiveIncome" xlink:label="loc_ifrs-full_OtherComprehensiveIncome" />
<calculationArc xlink:type="arc" xlink:arcrole="http://www.xbrl.org/2003/arcrole/summation-item" xlink:from="loc_ifrs-full_ComprehensiveIncome" xlink:to="loc_ifrs-full_OtherComprehensiveIncome" use="optional" order="5" weight="1" />
<loc xlink:type="locator" xlink:href="213800MJL6IPZS3ASA11-2024-07-31.xsd#smin_OtherComprehensiveIncomeNetOfTaxCashFlowHedgesAndHedgesOfNetInvestmentsInForeignOperations" xlink:label="loc_SMIN_OtherComprehensiveIncomeNetOfTaxCashFlowHedgesAndHedgesOfNetInvestmentsInForeignOperations" />
<calculationArc xlink:type="arc" xlink:arcrole="http://www.xbrl.org/2003/arcrole/summation-item" xlink:from="loc_ifrs-full_OtherComprehensiveIncome" xlink:to="loc_SMIN_OtherComprehensiveIncomeNetOfTaxCashFlowHedgesAndHedgesOfNetInvestmentsInForeignOperations" use="optional" order="6" weight="1" />
<loc xlink:type="locator" xlink:href="213800MJL6IPZS3ASA11-2024-07-31.xsd#smin_DeferredInThePeriodOnCashflowAndNetInvestmentHedges" xlink:label="loc_SMIN_DeferredInThePeriodOnCashflowAndNetInvestmentHedges" />
<calculationArc xlink:type="arc" xlink:arcrole="http://www.xbrl.org/2003/arcrole/summation-item" xlink:from="loc_SMIN_OtherComprehensiveIncomeNetOfTaxCashFlowHedgesAndHedgesOfNetInvestmentsInForeignOperations" xlink:to="loc_SMIN_DeferredInThePeriodOnCashflowAndNetInvestmentHedges" use="optional" order="7" weight="1" />
<loc xlink:type="locator" xlink:href="213800MJL6IPZS3ASA11-2024-07-31.xsd#smin_ReclassificationAdjustmentsOnCashFlowHedgesAndHedgesOfNetInvestmentsInForeignOperationsNetOfTax" xlink:label="loc_SMIN_ReclassificationAdjustmentsOnCashFlowHedgesAndHedgesOfNetInvestmentsInForeignOperationsNetOfTax" />
<calculationArc xlink:type="arc" xlink:arcrole="http://www.xbrl.org/2003/arcrole/summation-item" xlink:from="loc_SMIN_OtherComprehensiveIncomeNetOfTaxCashFlowHedgesAndHedgesOfNetInvestmentsInForeignOperations" xlink:to="loc_SMIN_ReclassificationAdjustmentsOnCashFlowHedgesAndHedgesOfNetInvestmentsInForeignOperationsNetOfTax" use="optional" order="8" weight="-1" />
<loc xlink:type="locator" xlink:href="https://xbrl.ifrs.org/taxonomy/2022-03-24/full_ifrs/full_ifrs-cor_2022-03-24.xsd#ifrs-full_OtherComprehensiveIncomeThatWillNotBeReclassifiedToProfitOrLossNetOfTax" xlink:label="loc_ifrs-full_OtherComprehensiveIncomeThatWillNotBeReclassifiedToProfitOrLossNetOfTax" />
<calculationArc xlink:type="arc" xlink:arcrole="http://www.xbrl.org/2003/arcrole/summation-item" xlink:from="loc_ifrs-full_OtherComprehensiveIncome" xlink:to="loc_ifrs-full_OtherComprehensiveIncomeThatWillNotBeReclassifiedToProfitOrLossNetOfTax" use="optional" order="9" weight="1" />
<loc xlink:type="locator" xlink:href="https://xbrl.ifrs.org/taxonomy/2022-03-24/full_ifrs/full_ifrs-cor_2022-03-24.xsd#ifrs-full_OtherComprehensiveIncomeBeforeTaxGainsLossesOnRemeasurementsOfDefinedBenefitPlans" xlink:label="loc_ifrs-full_OtherComprehensiveIncomeBeforeTaxGainsLossesOnRemeasurementsOfDefinedBenefitPlans" />
<calculationArc xlink:type="arc" xlink:arcrole="http://www.xbrl.org/2003/arcrole/summation-item" xlink:from="loc_ifrs-full_OtherComprehensiveIncomeThatWillNotBeReclassifiedToProfitOrLossNetOfTax" xlink:to="loc_ifrs-full_OtherComprehensiveIncomeBeforeTaxGainsLossesOnRemeasurementsOfDefinedBenefitPlans" use="optional" order="10" weight="1" />
<loc xlink:type="locator" xlink:href="https://xbrl.ifrs.org/taxonomy/2022-03-24/full_ifrs/full_ifrs-cor_2022-03-24.xsd#ifrs-full_IncomeTaxRelatingToRemeasurementsOfDefinedBenefitPlansOfOtherComprehensiveIncome" xlink:label="loc_ifrs-full_IncomeTaxRelatingToRemeasurementsOfDefinedBenefitPlansOfOtherComprehensiveIncome" />
<calculationArc xlink:type="arc" xlink:arcrole="http://www.xbrl.org/2003/arcrole/summation-item" xlink:from="loc_ifrs-full_OtherComprehensiveIncomeThatWillNotBeReclassifiedToProfitOrLossNetOfTax" xlink:to="loc_ifrs-full_IncomeTaxRelatingToRemeasurementsOfDefinedBenefitPlansOfOtherComprehensiveIncome" use="optional" order="11" weight="-1" />
<loc xlink:type="locator" xlink:href="https://xbrl.ifrs.org/taxonomy/2022-03-24/full_ifrs/full_ifrs-cor_2022-03-24.xsd#ifrs-full_OtherComprehensiveIncomeNetOfTaxGainsLossesFromInvestmentsInEquityInstruments" xlink:label="loc_ifrs-full_OtherComprehensiveIncomeNetOfTaxGainsLossesFromInvestmentsInEquityInstruments" />
<calculationArc xlink:type="arc" xlink:arcrole="http://www.xbrl.org/2003/arcrole/summation-item" xlink:from="loc_ifrs-full_OtherComprehensiveIncomeThatWillNotBeReclassifiedToProfitOrLossNetOfTax" xlink:to="loc_ifrs-full_OtherComprehensiveIncomeNetOfTaxGainsLossesFromInvestmentsInEquityInstruments" use="optional" order="12" weight="1" />
<loc xlink:type="locator" xlink:href="https://xbrl.ifrs.org/taxonomy/2022-03-24/full_ifrs/full_ifrs-cor_2022-03-24.xsd#ifrs-full_GainsLossesOnExchangeDifferencesOnTranslationNetOfTax" xlink:label="loc_ifrs-full_GainsLossesOnExchangeDifferencesOnTranslationNetOfTax" />
<calculationArc xlink:type="arc" xlink:arcrole="http://www.xbrl.org/2003/arcrole/summation-item" xlink:from="loc_ifrs-full_OtherComprehensiveIncome" xlink:to="loc_ifrs-full_GainsLossesOnExchangeDifferencesOnTranslationNetOfTax" use="optional" order="13" weight="1" />
<loc xlink:type="locator" xlink:href="https://xbrl.ifrs.org/taxonomy/2022-03-24/full_ifrs/full_ifrs-cor_2022-03-24.xsd#ifrs-full_ProfitLoss" xlink:label="loc_ifrs-full_ProfitLoss" />
<calculationArc xlink:type="arc" xlink:arcrole="http://www.xbrl.org/2003/arcrole/summation-item" xlink:from="loc_ifrs-full_ComprehensiveIncome" xlink:to="loc_ifrs-full_ProfitLoss" use="optional" order="14" weight="1" />
</calculationLink>
<calculationLink xlink:type="extended" xlink:role="http://www.smiths.com/role/ConsolidatedStatementOfChangesInEquity">
<loc xlink:type="locator" xlink:href="https://xbrl.ifrs.org/taxonomy/2022-03-24/full_ifrs/full_ifrs-cor_2022-03-24.xsd#ifrs-full_ComprehensiveIncome" xlink:label="loc_ifrs-full_ComprehensiveIncome" />
<loc xlink:type="locator" xlink:href="https://xbrl.ifrs.org/taxonomy/2022-03-24/full_ifrs/full_ifrs-cor_2022-03-24.xsd#ifrs-full_ProfitLoss" xlink:label="loc_ifrs-full_ProfitLoss" />
<calculationArc xlink:type="arc" xlink:arcrole="http://www.xbrl.org/2003/arcrole/summation-item" xlink:from="loc_ifrs-full_ComprehensiveIncome" xlink:to="loc_ifrs-full_ProfitLoss" use="optional" order="1" weight="1" />
<loc xlink:type="locator" xlink:href="https://xbrl.ifrs.org/taxonomy/2022-03-24/full_ifrs/full_ifrs-cor_2022-03-24.xsd#ifrs-full_OtherComprehensiveIncomeNetOfTaxGainsLossesOnRemeasurementsOfDefinedBenefitPlans" xlink:label="loc_ifrs-full_OtherComprehensiveIncomeNetOfTaxGainsLossesOnRemeasurementsOfDefinedBenefitPlans" />
<calculationArc xlink:type="arc" xlink:arcrole="http://www.xbrl.org/2003/arcrole/summation-item" xlink:from="loc_ifrs-full_ComprehensiveIncome" xlink:to="loc_ifrs-full_OtherComprehensiveIncomeNetOfTaxGainsLossesOnRemeasurementsOfDefinedBenefitPlans" use="optional" order="2" weight="1" />
<loc xlink:type="locator" xlink:href="https://xbrl.ifrs.org/taxonomy/2022-03-24/full_ifrs/full_ifrs-cor_2022-03-24.xsd#ifrs-full_OtherComprehensiveIncomeNetOfTaxExchangeDifferencesOnTranslation" xlink:label="loc_ifrs-full_OtherComprehensiveIncomeNetOfTaxExchangeDifferencesOnTranslation" />
<calculationArc xlink:type="arc" xlink:arcrole="http://www.xbrl.org/2003/arcrole/summation-item" xlink:from="loc_ifrs-full_ComprehensiveIncome" xlink:to="loc_ifrs-full_OtherComprehensiveIncomeNetOfTaxExchangeDifferencesOnTranslation" use="optional" order="3" weight="1" />
<loc xlink:type="locator" xlink:href="213800MJL6IPZS3ASA11-2024-07-31.xsd#smin_FairValueGainsAndRelatedTax" xlink:label="loc_SMIN_FairValueGainsAndRelatedTax" />
<calculationArc xlink:type="arc" xlink:arcrole="http://www.xbrl.org/2003/arcrole/summation-item" xlink:from="loc_ifrs-full_ComprehensiveIncome" xlink:to="loc_SMIN_FairValueGainsAndRelatedTax" use="optional" order="4" weight="1" />
</calculationLink>
</linkbase>